i,x,y,front_wheel_angle_rad,rear_wheel_angle_rad,longitudinal_velocity_mps,acceleration_mps2
0,-11.836739529221063,22.747161949641,0.054632022976875305,-0.0005493852077051997,2.000709295272827,0.005288637243211269
1,-11.758305902490408,22.68512836036973,0.054632022976875305,-0.0005493852077051997,2.0009899139404297,0.0031612026505172253
2,-11.6795350946614,22.62352349177994,-0.05212049186229706,0.00047868810361251235,2.001215934753418,0.002615448785945773
3,-11.60092655001181,22.561711707239454,-0.19368034601211548,0.022284794598817825,2.0012974739074707,0.007309893146157265
4,-11.522984459050406,22.499061643738095,-0.2688683569431305,0.055633410811424255,2.0014986991882324,0.01801896281540394
5,-11.446235811419093,22.434955130132078,-0.2540973424911499,0.04758632183074951,2.0020203590393066,0.03312317281961441
6,-11.370490202114771,22.369666519555345,-0.22195211052894592,0.032662276178598404,2.003392457962036,0.04622844606637955
7,-11.295378241991836,22.303649904628873,-0.26371732354164124,0.05275711789727211,2.0054047107696533,0.055670373141765594
8,-11.221305372245585,22.2364694761811,-0.33705469965934753,0.10341845452785492,2.008024215698242,0.057915348559617996
9,-11.148690922668111,22.16771526387711,-0.4225524961948395,0.1923971176147461,2.0109338760375977,0.05095892399549484
10,-11.077969054004765,22.097015778034812,-0.5125174522399902,0.3342764973640442,2.013770818710327,0.02120635285973549
11,-11.010255251639096,22.02343017487088,-0.5480482578277588,0.4099246859550476,2.0158889293670654,-0.013159344904124737
12,-10.94616070407288,21.946671533965368,-0.5185694694519043,0.3461763858795166,2.015672445297241,-0.029720354825258255
13,-10.885233598836729,21.867375330811353,-0.45199987292289734,0.23236261308193207,2.014309883117676,-0.0357552245259285
14,-10.82691848196219,21.7861389649175,-0.3807918429374695,0.14438533782958984,2.0125651359558105,-0.037190090864896774
15,-10.770598772685318,21.703506705184964,-0.3377271592617035,0.10396454483270645,2.010709762573242,-0.035987645387649536
16,-10.715951334577218,21.61975912307678,-0.3328579366207123,0.0998849868774414,2.0088562965393066,-0.03192543238401413
17,-10.663100254919799,21.534866465096496,-0.3375891447067261,0.10381193459033966,2.0071780681610107,-0.02695157565176487
18,-10.612089696895456,21.44885528576794,-0.337557852268219,0.10378516465425491,2.0056838989257812,-0.02210930548608303
19,-10.562942804991176,21.361765774252902,-0.33838051557540894,0.10447752475738525,2.004450798034668,-0.01785334199666977
20,-10.515662355781705,21.27364903847782,-0.3489084839820862,0.11360355466604233,2.0034570693969727,-0.014188159257173538
21,-10.47033389154793,21.184512456016574,-0.36948537826538086,0.13289010524749756,2.0026702880859375,-0.011145880445837975
22,-10.427196953864643,21.09429491554018,-0.38991448283195496,0.1540296971797943,2.0020456314086914,-0.00866187084466219
23,-10.386444260435322,21.002975596776665,-0.4057064354419708,0.1718309372663498,2.0015721321105957,-0.006732286419719458
24,-10.348245359704999,20.9105589100488,-0.42219874262809753,0.19189241528511047,2.001192331314087,-0.005159861873835325
25,-10.312739076540558,20.817074666095902,-0.44323086738586426,0.21983478963375092,2.0009045600891113,-0.003947688732296228
26,-10.280206082843236,20.722514609327547,-0.458245187997818,0.24151727557182312,2.000685691833496,-0.003013131907209754
27,-10.250898666136735,20.62690563838483,-0.45813554525375366,0.24133837223052979,2.0005173683166504,-0.0021458452101796865
28,-10.224788537374764,20.530374497466223,-0.4485655725002289,0.22735174000263214,2.000392436981201,-0.0007806856301613152
29,-10.201797531342693,20.433053309492742,-0.42562979459762573,0.19628414511680603,2.0003135204315186,0.0005969346966594458
30,-10.181818950152724,20.335069350170237,-0.3845910131931305,0.1483955979347229,2.000328302383423,0.0004061977961100638
31,-10.164306143157143,20.236614784046125,-0.3622969388961792,0.12594708800315857,2.0003509521484375,-0.00018663087394088507
32,-10.148938046859739,20.13780273202646,-0.3860243260860443,0.14986880123615265,2.0003502368927,-0.0006243823445402086
33,-10.13611788533408,20.038627919289766,-0.42719370126724243,0.19839832186698914,2.00032114982605,-0.0007897722534835339
34,-10.126261752513605,19.939114821417537,-0.442166805267334,0.21835105121135712,2.0002806186676025,-0.0008124922169372439
35,-10.119792834814021,19.83932427539171,-0.3936876654624939,0.15831702947616577,2.0002377033233643,-0.0007698215777054429
36,-10.116143372967676,19.73939089043973,-0.3110552132129669,0.08335936069488525,2.000197410583496,-0.0006871590157970786
37,-10.114110403064243,19.639411557395153,-0.27663737535476685,0.06021670624613762,2.0001637935638428,-0.0005900147370994091
38,-10.11371735099705,19.539412329815583,-0.28210726380348206,0.06349727511405945,2.0001347064971924,-0.0004961152444593608
39,-10.115017550896333,19.439420782818928,-0.27215781807899475,0.05752641707658768,2.0001096725463867,-0.0004207566089462489
40,-10.118074778646761,19.339467526945793,-0.2279079556465149,0.0352545790374279,2.000087261199951,-0.0009207802941091359
41,-10.122427376403234,19.239562297378715,-0.19341379404067993,0.022219231352210045,2.0000522136688232,-0.0027207208331674337
42,-10.12764553400947,19.139698536030256,-0.21941836178302765,0.03165591508150101,1.9999253749847412,-0.0038041304796934128
43,-10.134094232008305,19.039906681194246,-0.2717401087284088,0.05739590525627136,1.9997402429580688,-0.002362508326768875
44,-10.14175096791097,18.944737506625728,-0.30421245098114014,0.07823655754327774,1.9995485544204712,-0.0003266488783992827
45,-10.156183679290208,18.807051675127337,-0.2809668779373169,0.06474138796329498,1.9995256662368774,0.009358110837638378
46,-10.173892193745193,18.669748866611343,-0.25772130489349365,0.051246222108602524,1.9995028972625732,0.01904287189245224
47,-10.194084718664566,18.532701180310678,-0.23505520820617676,0.03850004822015762,1.999696969985962,0.034332361072301865
48,-10.216632741901758,18.396079648937206,-0.21697834134101868,0.03168550133705139,2.00160813331604,0.09400840103626251
49,-10.24166253720457,18.259947441929707,-0.1989014595746994,0.02487095631659031,2.0035195350646973,0.15368443727493286
50,-10.26901172869558,18.124172057100967,-0.18410661816596985,0.019381532445549965,2.0080630779266357,0.21529795229434967
51,-10.298081123290805,17.988791938816625,-0.1806982308626175,0.018489381298422813,2.0217390060424805,0.28363317251205444
52,-10.329200459911744,17.853916335243685,-0.17728984355926514,0.017597230151295662,2.035414934158325,0.351968377828598
53,-10.362968709771888,17.719609467040105,-0.16870296001434326,0.015706520527601242,2.053366184234619,0.4031594693660736
54,-10.398433288823462,17.585774524271642,-0.14986318349838257,0.011838759295642376,2.0797817707061768,0.42040684819221497
55,-10.435388209873064,17.45237161557613,-0.13102342188358307,0.007970997132360935,2.1061973571777344,0.43765419721603394
56,-10.473912653376518,17.319375719747583,-0.11968348175287247,0.0056922477670013905,2.1336052417755127,0.43541887402534485
57,-10.513198373592196,17.18662145960705,-0.11761573702096939,0.005378024186939001,2.1622393131256104,0.40909671783447266
58,-10.553359919350099,17.054136912807564,-0.11554799973964691,0.005063800606876612,2.190873622894287,0.38277456164360046
59,-10.594553306370186,16.921948044265314,-0.11063232272863388,0.004512932151556015,2.21634578704834,0.3462892174720764
60,-10.636335076164654,16.78995486494704,-0.10346656292676926,0.0037750969640910625,2.2393195629119873,0.30177417397499084
61,-10.679158831326232,16.6583024862447,-0.09630081057548523,0.0030372615437954664,2.2622933387756348,0.25725916028022766
62,-10.723224148243771,16.527051229171747,-0.07452213019132614,0.002149594249203801,2.2796950340270996,0.21268875896930695
63,-10.767666009498528,16.395932351088984,-0.04554934427142143,0.001188162830658257,2.294353723526001,0.16809110343456268
64,-10.812478581701223,16.264941264821694,-0.016576554626226425,0.0002267313248012215,2.3090121746063232,0.12349344789981842
65,-10.85763125575063,16.134064667291213,-0.0051767416298389435,1.1577055374800693e-05,2.3175148963928223,0.08542319387197495
66,-10.902861362764314,16.003215226687356,0.0013122932286933064,4.9703339755069464e-06,2.3242971897125244,0.04917703568935394
67,-10.948041497424466,15.87234848413219,0.0078013283200562,-1.6363873100999626e-06,2.3310794830322266,0.012930876575410366
68,-10.993053964470516,15.741424188888997,0.022809939458966255,-0.00018287728016730398,2.332284927368164,-0.008370880968868732
69,-11.037929195241206,15.61045299166427,0.038839034736156464,-0.0003850360808428377,2.332822322845459,-0.02788257971405983
70,-11.082791720020541,15.479475983804027,0.05472420156002045,-0.0005853914772160351,2.3333446979522705,-0.047248825430870056
71,-11.127083934271848,15.34830935323903,0.038608208298683167,-0.0003847857005894184,2.330533027648926,-0.03427525609731674
72,-11.170568777207437,15.216871138042547,0.022492218762636185,-0.00018417995306663215,2.327721118927002,-0.021301690489053726
73,-11.213818365212875,15.085341636338086,0.009274366311728954,-0.00021749934239778668,2.325167179107666,-0.009772012010216713
74,-11.2560818215825,14.953246608728941,0.018154941499233246,-0.0020345079246908426,2.3245797157287598,-0.009252057410776615
75,-11.296632139744577,14.820248930196348,0.02703551948070526,-0.003851516405120492,2.3239922523498535,-0.008732102811336517
76,-11.335448540557932,14.686406232669198,0.03591609373688698,-0.005668525118380785,2.323404550552368,-0.00821214821189642
77,-11.37251024488139,14.551776148076378,0.044796671718358994,-0.007485533598810434,2.322817087173462,-0.007692194078117609
78,-11.407796473573777,14.416416308346783,0.05367724969983101,-0.009302542544901371,2.3222296237945557,-0.007172239478677511
79,-11.441286447493923,14.2803843454093,0.06255782395601273,-0.01111955102533102,2.3216419219970703,-0.006652284879237413
80,-11.47295938750065,14.14373789119282,0.07143840193748474,-0.01293655950576067,2.321054458618164,-0.006132330279797316
81,-11.502794514452786,14.006534577626233,0.08031897991895676,-0.014753567986190319,2.320466995239258,-0.005612375680357218
82,-11.530771049209159,13.86883203663843,0.08919955790042877,-0.016570575535297394,2.3198792934417725,-0.00509242108091712
83,-11.556868212628594,13.730687900158301,0.09808012843132019,-0.018387585878372192,2.319291830062866,-0.004572466481477022
84,-11.581065225569917,13.592159800114738,0.1069607064127922,-0.020204594358801842,2.31870436668396,-0.004052511882036924
85,-11.603341308891956,13.453305368436625,0.11584128439426422,-0.02202160283923149,2.3181166648864746,-0.0035325572825968266
86,-11.623675683453538,13.31418223705286,0.12472186237573624,-0.02383861131966114,2.3175292015075684,-0.0030126026831567287
87,-11.642047570113487,13.174848037892328,0.13360244035720825,-0.02565561980009079,2.316941738128662,-0.002492648083716631
88,-11.658436189730631,13.035360402883923,0.14248301088809967,-0.02747262828052044,2.3163540363311768,-0.001972693484276533
89,-11.672820763163797,12.89577696395653,0.15136359632015228,-0.02928963676095009,2.3157665729522705,-0.0014527388848364353
90,-11.68518051127181,12.756155353039045,0.1602441668510437,-0.031106645241379738,2.3151791095733643,-0.0009327842853963375
91,-11.695494654913496,12.616553202060354,0.16912473738193512,-0.03292365372180939,2.314591407775879,-0.00041282971506007016
92,-11.703742414947683,12.47702814294935,0.17800532281398773,-0.03474066033959389,2.3140039443969727,0.00010712486255215481
93,-11.709903012233198,12.337637807634922,0.18688589334487915,-0.036557670682668686,2.3134164810180664,0.000627079454716295
94,-11.713955667628866,12.19843982804596,0.19576647877693176,-0.038374681025743484,2.312828779220581,0.001147033995948732
95,-11.715879601993514,12.059491836111354,0.20464704930782318,-0.040191687643527985,2.312241315841675,0.0016669885953888297
96,-11.715654036185969,11.920851463759996,0.2135276198387146,-0.04200869798660278,2.3116538524627686,0.0021869433112442493
97,-11.713258191065057,11.782576342920773,0.2224082052707672,-0.04382570460438728,2.311066150665283,0.0027068976778537035
98,-11.708671287489604,11.64472410552258,0.23128877580165863,-0.04564271494746208,2.310478687286377,0.0032268522772938013
99,-11.701872546318437,11.507352383494302,0.24016936123371124,-0.04745972156524658,2.3098912239074707,0.003746806876733899
100,-11.692841188410382,11.370518808764833,0.24904993176460266,-0.04927673190832138,2.3093035221099854,0.004266761709004641
101,-11.681556434624266,11.234281013263061,0.2579305171966553,-0.05109373852610588,2.308716058731079,0.004786716308444738
102,-11.667677059834107,11.098753808983965,0.2619457542896271,-0.0518086738884449,2.3085808753967285,0.010257593356072903
103,-11.649368654330088,10.964302169172658,0.2612612247467041,-0.05145902559161186,2.308882713317871,0.020510969683527946
104,-11.626422772220286,10.830976019976168,0.26057666540145874,-0.051109377294778824,2.3091845512390137,0.030764345079660416
105,-11.598934650298181,10.69876937172977,0.2598921060562134,-0.050759728997945786,2.3094863891601562,0.041017722338438034
106,-11.566999525357263,10.567676234768744,0.259207546710968,-0.05041008070111275,2.309788227081299,0.051271095871925354
107,-11.530712634191012,10.43769061942837,0.25852298736572266,-0.05006043240427971,2.3100900650024414,0.06152447313070297
108,-11.490169213592916,10.308806536043928,0.2578384280204773,-0.04971078410744667,2.310391902923584,0.07177785038948059
109,-11.445464500356456,10.181017994950697,0.2571538984775543,-0.04936113581061363,2.3106937408447266,0.08203122764825821
110,-11.39669373127512,10.054319006483956,0.25646933913230896,-0.049011487513780594,2.310995578765869,0.09228460490703583
111,-11.343952143142388,9.928703580978985,0.2557847797870636,-0.048661842942237854,2.3112974166870117,0.10253797471523285
112,-11.287334972751749,9.80416572877106,0.25510022044181824,-0.048312194645404816,2.3115992546081543,0.11279135197401047
113,-11.226937456896684,9.680699460195466,0.2544156610965729,-0.04796254634857178,2.311901092529297,0.12304472923278809
114,-11.162854832370678,9.558298785587478,0.2537311315536499,-0.04761289805173874,2.3122029304504395,0.1332980990409851
115,-11.09518233596722,9.436957715282379,0.25304657220840454,-0.0472632497549057,2.312504768371582,0.14355148375034332
116,-11.024015204479788,9.316670259615444,0.2523620128631592,-0.04691360145807266,2.3128066062927246,0.15380485355854034
117,-10.949448674701868,9.197430428921956,0.2516774535179138,-0.046563953161239624,2.313108444213867,0.16405823826789856
118,-10.871577983426947,9.079232233537194,0.25099289417266846,-0.046214304864406586,2.3134102821350098,0.17431160807609558
119,-10.790498367448508,8.962069683796436,0.2503083348274231,-0.04586465656757355,2.3137121200561523,0.1845649927854538
120,-10.706305063560036,8.845936790034962,0.24962379038333893,-0.04551500827074051,2.314013957977295,0.19481836259365082
121,-10.619093308555016,8.73082756258805,0.24893924593925476,-0.04516535997390747,2.3143157958984375,0.20507173240184784
122,-10.528958339226929,8.616736011790984,0.2482546865940094,-0.04481571167707443,2.31461763381958,0.21532511711120605
123,-10.435995392369263,8.503656147979036,0.24757012724876404,-0.044466063380241394,2.3149194717407227,0.22557848691940308
124,-10.340299704775498,8.391581981487493,0.24688558280467987,-0.044116415083408356,2.3152213096618652,0.2358318716287613
125,-10.241966513239126,8.280507522651629,0.2462010234594345,-0.04376676678657532,2.315523147583008,0.2460852414369583
126,-10.141091054553625,8.170426781806725,0.24551646411418915,-0.04341711848974228,2.3158249855041504,0.25633862614631653
127,-10.037768565512481,8.061333769288062,0.24483191967010498,-0.04306747019290924,2.316126823425293,0.26659199595451355
128,-9.93209428290918,7.953222495430917,0.24414736032485962,-0.0427178256213665,2.3164286613464355,0.27684536576271057
129,-9.824163443537204,7.846086970570571,0.24346280097961426,-0.04236817732453346,2.316730499267578,0.2870987355709076
130,-9.71413475139646,7.740005601184022,0.24179057776927948,-0.04177716001868248,2.3209729194641113,0.28997713327407837
131,-9.603454125335567,7.636787800644517,0.23716603219509125,-0.04046466201543808,2.336993932723999,0.2708105444908142
132,-9.492649272948487,7.537069835698943,0.23254148662090302,-0.03915216401219368,2.3530149459838867,0.25164395570755005
133,-9.381666925462564,7.440722349205231,0.22791695594787598,-0.03783966600894928,2.3690359592437744,0.2324773669242859
134,-9.270453814105142,7.347615984021314,0.22329241037368774,-0.03652716428041458,2.385056972503662,0.21331077814102173
135,-9.158956670103565,7.257621383005123,0.2186678647994995,-0.03521466627717018,2.40107798576355,0.19414418935775757
136,-9.047122224685179,7.17060918901459,0.21404331922531128,-0.03390216827392578,2.4170989990234375,0.1749776005744934
137,-8.934897209077326,7.0864500449076475,0.20941877365112305,-0.03258967027068138,2.433120012283325,0.15581102669239044
138,-8.822228354507349,7.005014593542225,0.20479422807693481,-0.03127717226743698,2.449141025543213,0.13664443790912628
139,-8.709062392202597,6.926173477776257,0.20016969740390778,-0.029964672401547432,2.4651620388031006,0.11747784912586212
140,-8.59534605339041,6.849797340467674,0.19554515182971954,-0.028652174398303032,2.4811830520629883,0.09831126779317856
141,-8.481026069298132,6.775756824474408,0.1909206062555313,-0.027339674532413483,2.497204065322876,0.0791446790099144
142,-8.36604917115311,6.70392257265439,0.18629606068134308,-0.026027176529169083,2.5132250785827637,0.059978093951940536
143,-8.250362090182687,6.634165227865553,0.18167151510715485,-0.024714678525924683,2.5292460918426514,0.040811508893966675
144,-8.133911557614207,6.566355432965828,0.1770469844341278,-0.023402178660035133,2.545267105102539,0.021644921973347664
145,-7.2652513440122375,6.1225911625171,0.1436438262462616,-0.013921978883445263,2.660987138748169,-0.11679565161466599
146,-6.333907463657146,5.724938773565669,0.11024067550897598,-0.00444177957251668,2.776707172393799,-0.2552362084388733
147,-5.36003417655135,5.375169414761849,0.12936080992221832,-0.008377429097890854,2.679290533065796,-0.20867089927196503
148,-4.381460101542499,5.112219863120062,0.14897547662258148,-0.012439398095011711,2.579866886138916,-0.16036362946033478
149,-3.4025758818034313,4.940731564660331,0.16859015822410583,-0.01650136709213257,2.4804434776306152,-0.11205635219812393
150,-2.427759388683483,4.8653532147515,0.18830357491970062,-0.020687943324446678,2.3821001052856445,-0.06737501919269562
151,-1.42827389215351,4.9352497656708865,0.21447595953941345,-0.03302547708153725,2.354405403137207,-0.2598775029182434
152,-0.4178498427406936,5.1764469554433274,0.24064834415912628,-0.045363012701272964,2.3267109394073486,-0.4523800015449524
153,0.5391842451970729,5.5631858352227255,0.2668207287788391,-0.057700544595718384,2.299016237258911,-0.6448825001716614
154,1.3783166148926933,6.070553977913021,0.2828030586242676,-0.06706352531909943,2.2110040187835693,-0.7980208396911621
155,2.041331783044434,6.7773739459938005,0.19170284271240234,-0.04516829922795296,1.4891425371170044,-0.5375003218650818
156,2.5933787167346267,7.640600613366361,0.10060261934995651,-0.023273073136806488,0.7672809958457947,-0.2769797742366791
157,3.1440034649566617,8.505831812359476,0.009502403438091278,-0.0013778480933979154,0.04541942477226257,-0.016459254547953606
158,3.1811200662208026,8.55678870037146,0.003770391456782818,-2.037493089801501e-07,0.0,-6.734172347933054e-05
