t,angle
-0.024082422256469727,0.0
0.0010728836059570312,0.0
0.026157855987548828,0.0
0.0512843132019043,0.0
0.07600641250610352,0.0
0.10095739364624023,0.0
0.12626123428344727,0.0
0.15136122703552246,0.0
0.17634344100952148,0.0
0.20088720321655273,0.0
0.22724294662475586,0.0
0.2539787292480469,0.0
0.276561975479126,0.0
0.30382204055786133,0.0
0.32740092277526855,0.0
0.35264062881469727,0.0
0.3773069381713867,0.0
0.40209484100341797,0.0
0.42706966400146484,0.0
0.45334458351135254,0.0
0.4761226177215576,0.0
0.5012996196746826,0.0
0.5272574424743652,0.0
0.5531823635101318,0.0
0.5784363746643066,0.0
0.6018116474151611,0.0
0.6265313625335693,0.0
0.6530179977416992,0.0
0.6782615184783936,0.0
0.7056834697723389,0.0
0.7287592887878418,0.0
0.7519998550415039,0.0
0.7767448425292969,0.0
0.8021421432495117,0.0
0.8268094062805176,0.0
0.8521490097045898,0.0
0.8809540271759033,0.0
0.9018676280975342,0.0
0.9278230667114258,0.0
0.9523434638977051,0.0
0.9765002727508545,0.0
1.0016694068908691,0.0
1.026620626449585,0.0
1.0514779090881348,0.0
1.0763108730316162,0.0
1.102051019668579,0.0
1.1284058094024658,0.0
1.154714584350586,0.0
1.1794593334197998,0.0
1.2040777206420898,0.0
1.2271804809570312,0.0
1.2536754608154297,0.0
1.2786083221435547,0.0
1.3127038478851318,0.0
1.3294892311096191,0.0
1.3540370464324951,0.0
1.3787024021148682,0.0
1.4013011455535889,0.0
1.4276564121246338,0.0
1.453249454498291,0.0
1.4766831398010254,0.0
1.5014674663543701,0.0
1.5270860195159912,0.0
1.5527329444885254,0.0
1.576404333114624,0.0
1.6024291515350342,0.0
1.6264557838439941,0.0
1.6516225337982178,0.0
1.6822717189788818,0.0
1.7038710117340088,0.0
1.734703779220581,0.0
1.7512080669403076,0.0
1.7763636112213135,0.0
1.8013086318969727,0.0
1.826690673828125,0.0
1.8522908687591553,0.0
1.8796582221984863,0.0
1.9007432460784912,0.0
1.9263439178466797,0.0
1.951512336730957,0.0
1.9773797988891602,0.0
2.0030648708343506,0.0
2.026862621307373,0.0
2.053196907043457,0.0
2.078326940536499,0.0
2.103753089904785,0.0
2.128120183944702,0.0
2.1526410579681396,0.0
2.175830125808716,0.0
2.201099395751953,0.0
2.22636342048645,0.0
2.2514255046844482,0.0
2.2760071754455566,0.0
2.3009941577911377,0.0
2.3263635635375977,0.0
2.3514561653137207,0.0
2.3762409687042236,0.0
2.4017386436462402,0.0
2.426180839538574,0.0
2.4510152339935303,0.0
2.476189613342285,0.0
2.5013370513916016,0.0
2.526257038116455,0.0
2.5512237548828125,0.0
2.57680344581604,0.0
2.6017682552337646,0.0
2.6279685497283936,0.0
2.6520252227783203,0.0
2.676729202270508,0.0
2.7013611793518066,0.0
2.730229139328003,0.0
2.7514843940734863,0.0
2.776183843612671,0.0
2.801523208618164,0.0
2.826726198196411,0.0
2.8519134521484375,0.0
2.8766398429870605,0.0
2.9016664028167725,0.0
2.926229476928711,0.0
2.9525625705718994,0.0
2.9768950939178467,0.0
3.0014991760253906,0.0
3.026695966720581,0.0
3.0514347553253174,0.0
3.0764665603637695,0.0
3.101630449295044,0.0
3.126413106918335,0.0
3.1516287326812744,0.0
3.1762218475341797,0.0
3.201669931411743,0.0
3.2275421619415283,0.0
3.2529373168945312,0.0
3.2791824340820312,0.0
3.304131031036377,0.0
3.3289430141448975,0.0
3.3540122509002686,0.0
3.377479076385498,0.0
3.4018962383270264,0.0
3.426732301712036,0.0
3.4512319564819336,0.0
3.4787962436676025,0.0
3.50443959236145,0.0
3.5274970531463623,0.0
3.5609548091888428,0.0
3.5799481868743896,0.0
3.603430986404419,0.0
3.6275599002838135,0.0
3.653796911239624,0.0
3.67706298828125,0.0
3.7019119262695312,0.0
3.726259708404541,0.0
3.7522425651550293,0.0
3.778724431991577,0.0
3.8016064167022705,0.0
3.8270463943481445,0.0
3.851454257965088,0.0
3.876324415206909,0.0
3.9017584323883057,0.0
3.926868438720703,0.0
3.9522342681884766,0.0
3.97802472114563,0.0
4.0051116943359375,0.0
4.028752565383911,0.0
4.053913116455078,0.0
4.078380346298218,0.0
4.103815317153931,0.0
4.128933429718018,0.0
4.154420375823975,0.0
4.179616928100586,0.0
4.2039079666137695,0.0
4.22716212272644,0.0
4.251649856567383,0.0
4.277099132537842,0.0
4.302002429962158,0.0
4.327147722244263,0.0
4.352097034454346,0.0
4.378422260284424,0.0
4.408036470413208,0.0
4.429276943206787,0.0
4.452866792678833,0.0
4.477306365966797,0.0
4.5021443367004395,0.0
4.526750802993774,0.0
4.552359580993652,0.0
4.585787057876587,0.0
4.604029655456543,0.0
4.629863739013672,0.0
4.655178785324097,0.0
4.683757781982422,0.0
4.701916933059692,0.0
4.727570056915283,0.0
4.752371311187744,0.0
4.776794910430908,0.0
4.801743984222412,0.0
4.826646566390991,0.0
4.853919982910156,0.0
4.880005359649658,0.0
4.902841567993164,0.0
4.9270830154418945,0.0
4.953922510147095,0.0
4.97644829750061,0.0
5.002496957778931,0.0
5.027977228164673,0.0
5.051661729812622,0.0
5.0763068199157715,0.0
5.102196455001831,0.0
5.127691030502319,0.0
5.151491165161133,0.0
5.175932884216309,0.0
5.201637268066406,0.0
5.2266106605529785,0.0
5.252068281173706,0.0
5.278351068496704,0.0
5.302478790283203,0.0
5.327497482299805,0.0
5.352308750152588,0.0
5.377695560455322,0.0
5.404358863830566,0.0
5.427902936935425,0.0
5.457880020141602,0.0
5.482547283172607,0.0
5.50337815284729,0.0
5.53032112121582,0.0
5.554636001586914,0.0
5.578930854797363,0.0
5.607759237289429,0.0
5.628525972366333,0.0
5.651606798171997,0.0
5.676921844482422,0.0
5.701142072677612,0.0
5.7265098094940186,0.0
5.752955436706543,0.0
5.776612997055054,0.0
5.802020072937012,0.0
5.827959060668945,0.0
5.85408616065979,0.0
5.879687786102295,0.0
5.902887582778931,0.0
5.926792860031128,0.0
5.952636003494263,0.0
5.97793173789978,0.0
6.0011820793151855,0.0
6.026616096496582,0.0
6.052124738693237,0.0
6.07634973526001,0.0
6.101327180862427,0.0
6.127052307128906,0.0
6.1528096199035645,0.0
6.17689847946167,0.0
6.201719045639038,0.0
6.228665828704834,0.0
6.2525224685668945,0.0
6.278390884399414,0.0
6.302148342132568,0.0
6.3282694816589355,0.0
6.3530027866363525,0.0
6.3779027462005615,0.0
6.401854038238525,0.0
6.427948951721191,0.0
6.453651666641235,0.0
6.479176759719849,0.0
6.502262830734253,0.0
6.527199745178223,0.0
6.552649974822998,0.0
6.577128171920776,0.0
6.602278232574463,0.0
6.6272008419036865,0.0
6.652423143386841,0.0
6.677519798278809,0.0
6.702917098999023,0.0
6.727283716201782,0.0
6.752782106399536,0.0
6.77719259262085,0.0
6.8021934032440186,0.0
6.827069997787476,0.0
6.852417469024658,0.0
6.877335548400879,0.0
6.901865005493164,0.0
6.9275963306427,0.0
6.952558755874634,0.0
6.982342004776001,0.0
7.001647710800171,0.0
7.026102781295776,0.0
7.051227807998657,0.0
7.076895236968994,0.0
7.101416110992432,0.0
7.126650333404541,0.0
7.151480197906494,0.0
7.176644563674927,0.0
7.201513290405273,0.0
7.227537393569946,0.0
7.252475261688232,0.0
7.28057336807251,0.0
7.305177927017212,0.0
7.327926397323608,0.0
7.3522326946258545,0.0
7.378690481185913,0.0
7.404181241989136,0.0
7.429232358932495,0.0
7.45200514793396,0.0
7.476749420166016,0.0
7.502372741699219,0.0
7.5266273021698,0.0
7.555753946304321,0.0
7.576638221740723,0.0
7.602509498596191,0.0
7.627078294754028,0.0
7.6518025398254395,0.0
7.676105260848999,0.0
7.701556444168091,0.0
7.726786375045776,0.0
7.753864288330078,0.0
7.776933670043945,0.0
7.8056981563568115,0.0
7.8261425495147705,0.0
7.851657152175903,0.0
7.8767616748809814,0.0
7.903923034667969,0.0
7.928142547607422,0.0
7.960773229598999,0.0
7.978615760803223,0.0
8.002973318099976,0.0
8.030734062194824,0.0
8.05228304862976,0.0
8.079235076904297,0.0
8.10219693183899,0.0
8.128116607666016,0.0
8.152606010437012,0.0
8.17811918258667,0.0
8.201179265975952,0.0
8.22616171836853,0.0
8.259921312332153,0.0
8.277051448822021,0.0
8.303452968597412,0.0
8.326663970947266,0.0
8.352333068847656,0.0
8.376699686050415,0.0
8.401859998703003,0.0
8.426861047744751,0.0
8.451328992843628,0.0
8.476389408111572,0.0
8.50185513496399,0.0
8.527400255203247,0.0
8.55237102508545,0.0
8.57757043838501,0.0
8.602056980133057,0.0
8.627352237701416,0.0
8.654023885726929,0.0
8.678635835647583,0.0
8.70540189743042,0.0
8.726333856582642,0.0
8.751333475112915,0.0
8.776190996170044,0.0
8.801506042480469,0.0
8.826300144195557,0.0
8.852246046066284,0.0
8.877353191375732,0.0
8.901493072509766,0.0
8.926740407943726,0.0
8.952762603759766,0.0
8.977536916732788,0.0
9.002311944961548,0.0
9.027336597442627,0.0
9.054281949996948,0.0
9.079885244369507,0.0
9.104660272598267,0.0
9.13337254524231,0.0
9.152129650115967,0.0
9.176639795303345,0.0
9.201858758926392,0.0
9.226182699203491,0.0
9.251461267471313,0.0
9.276607036590576,0.0
9.301075220108032,0.0
9.326351881027222,0.0
9.35123324394226,0.0
9.376935958862305,0.0
9.403473377227783,0.0
9.428462028503418,0.0
9.452677249908447,0.0
9.479540586471558,0.0
9.501219034194946,0.0
9.526269912719727,0.0
9.55131459236145,0.0
9.5776846408844,0.0
9.602149248123169,0.0
9.62836241722107,0.0
9.654491901397705,0.0
9.676974773406982,0.0
9.704212427139282,0.0
9.728119134902954,0.0
9.751579761505127,0.0
9.776756048202515,0.0
9.801755428314209,0.0
9.826233625411987,0.0
9.851163148880005,0.0
9.876428127288818,0.0
9.901205062866211,0.0
9.927564144134521,0.0
9.951481819152832,0.0
9.977989196777344,0.0
10.001671552658081,0.0
10.026955366134644,0.0
10.053092002868652,0.0
10.077242374420166,0.0
10.102178573608398,0.0
10.12635588645935,0.0
10.15121579170227,0.0
10.176142930984497,0.0
10.201207399368286,0.0
10.22661828994751,0.0
10.251249551773071,0.0
10.276484727859497,0.0
10.303024291992188,0.0
10.327935934066772,0.0
10.352916955947876,0.0
10.377382040023804,0.0
10.404844999313354,0.0
10.427422761917114,0.0
10.454360485076904,0.0
10.47809362411499,0.0
10.510120153427124,0.0
10.530688524246216,0.0
10.553271770477295,0.0
10.578944444656372,0.0
10.604088068008423,0.0
10.628165245056152,0.0
10.653994083404541,0.0
10.677927255630493,0.0
10.703178405761719,0.0
10.729213953018188,0.0
10.752135038375854,0.0
10.77857232093811,0.0
10.80562162399292,0.0
10.829513549804688,0.0
10.854339599609375,0.0
10.88339114189148,0.0
10.904748678207397,0.0
10.92972731590271,0.0
10.954589366912842,0.0
10.978998184204102,0.0
11.003756761550903,0.0
11.02807879447937,0.0
11.055064678192139,0.0
11.079971075057983,0.0
11.102601528167725,0.0
11.12692379951477,0.0
11.152260303497314,0.0
11.176701545715332,0.0
11.201564073562622,0.0
11.226582288742065,0.0
11.253207445144653,0.0
11.277255058288574,0.0
11.302198886871338,0.0
11.326698303222656,0.0
11.351357221603394,0.0
11.376227140426636,0.0
11.401288509368896,0.0
11.426854133605957,0.0
11.452316999435425,0.0
11.476362705230713,0.0
11.501221895217896,0.0
11.52695369720459,0.0
11.553915739059448,0.0
11.576864957809448,0.0
11.601370573043823,0.0
11.626325845718384,0.0
11.651363372802734,0.0
11.676323175430298,0.0
11.700954675674438,0.0
11.727200746536255,0.0
11.75167989730835,0.0
11.77686619758606,0.0
11.801596879959106,0.0
11.826225280761719,0.0
11.851978063583374,0.0
11.876411199569702,0.0
11.901508808135986,0.0
11.926699161529541,0.0
11.951376914978027,0.0
11.977189540863037,0.0
12.001527070999146,0.0
12.026622295379639,0.0
12.051301002502441,0.0
12.078522682189941,0.0
12.101892948150635,0.0
12.126471281051636,0.0
12.151755571365356,0.0
12.179318904876709,0.0
12.201133489608765,0.0
12.226394176483154,0.0
12.251280307769775,0.0
12.27642035484314,0.0
12.300888061523438,0.0
12.328317403793335,0.0
12.353235244750977,0.0
12.376674175262451,0.0
12.401393175125122,0.0
12.426769018173218,0.0
12.451365232467651,0.0
12.476341009140015,0.0
12.50107717514038,0.0
12.526185035705566,0.0
12.550956726074219,0.0
12.576247930526733,0.0
12.60151219367981,0.0
12.626649141311646,0.0
12.651149988174438,0.0
12.676246404647827,0.0
12.701476812362671,0.0
12.727326393127441,0.0
12.751763820648193,0.0
12.77693486213684,0.0
12.801377534866333,0.0
12.826507329940796,0.0
12.851987600326538,0.0
12.876473903656006,0.0
12.901325464248657,0.0
12.928922414779663,0.0
12.952594757080078,0.0
12.978636264801025,0.0
13.003025770187378,0.0
13.02828860282898,0.0
13.052088499069214,0.0
13.076096534729004,0.0
13.101419448852539,0.0
13.126513481140137,0.0
13.151799201965332,0.0
13.17774772644043,0.0
13.201797723770142,0.0
13.228430271148682,0.0
13.251902341842651,0.0
13.283166646957397,0.0
13.30323052406311,0.0
13.327982425689697,0.0
13.354554414749146,0.0
13.385640621185303,0.0
13.404412508010864,0.0
13.429390907287598,0.0
13.456964015960693,0.0
13.48753046989441,0.0
13.5009126663208,0.0
13.526311159133911,0.0
13.551361322402954,0.0
13.575971841812134,0.0
13.600863933563232,0.0
13.626213788986206,0.0
13.651427745819092,0.0
13.67652177810669,0.0
13.702034950256348,0.0
13.726436376571655,0.0
13.751280307769775,0.0
13.776682376861572,0.0
13.801223993301392,0.0
13.826202630996704,0.0
13.852001667022705,0.0
13.877278804779053,0.0
13.90537166595459,0.0
13.926895141601562,0.0
13.952475309371948,0.0
13.977289199829102,0.0
14.002568006515503,0.0
14.026341438293457,0.0
14.051741123199463,0.0
14.079102039337158,0.0
14.101122856140137,0.0
14.128227710723877,0.0
14.152364253997803,0.0
14.177490234375,0.0
14.201170206069946,0.0
14.22658896446228,0.0
14.252764225006104,0.0
14.278305053710938,0.0
14.3125479221344,0.0
14.326225996017456,0.0
14.352389812469482,0.0
14.37700343132019,0.0
14.401272773742676,0.0
14.426566362380981,0.0
14.451784133911133,0.0
14.477269172668457,0.0
14.501004934310913,0.0
14.527251482009888,0.0
14.55198359489441,0.0
14.577669620513916,0.0
14.601964473724365,0.0
14.627392053604126,0.0
14.65162992477417,0.0
14.676138162612915,0.0
14.701407194137573,0.0
14.72657299041748,0.0
14.751243352890015,0.0
14.776137828826904,0.0
14.801189422607422,0.0
14.826704263687134,0.0
14.851357221603394,0.0
14.880155563354492,0.0
14.90134882926941,0.0
14.92748475074768,0.0
14.952079772949219,0.0
14.97720980644226,0.0
15.002050399780273,0.0
15.026950120925903,0.0
15.05277705192566,0.0
15.07618522644043,0.0
15.100895166397095,0.0
15.12630581855774,0.0
15.151544570922852,0.0
15.177549362182617,0.0
15.202649593353271,0.0
15.22750735282898,0.0
15.252943754196167,0.0
15.279105424880981,0.0
15.30553674697876,0.0
15.32803988456726,0.0
15.352421283721924,0.0
15.379184246063232,0.0
15.40252137184143,0.0
15.42679214477539,0.0
15.453238487243652,0.0
15.479170560836792,0.0
15.502094745635986,0.0
15.527706623077393,0.0
15.553892374038696,0.0
15.57860779762268,0.0
15.604320526123047,0.0
15.628113985061646,0.0
15.654624938964844,0.0
15.677216053009033,0.0
15.704218864440918,0.0
15.727343797683716,0.0
15.752274513244629,0.0
15.777090311050415,0.0
15.801884412765503,0.0
15.82689905166626,0.0
15.852150678634644,0.0
15.879074096679688,0.0
15.90204930305481,0.0
15.927131414413452,0.0
15.95227313041687,0.0
15.978273391723633,0.0
16.004108667373657,0.0
16.026576042175293,0.0
16.05317187309265,0.0
16.081485986709595,0.0
16.10427188873291,0.0
16.12958598136902,0.0
16.154775142669678,0.0
16.179404973983765,0.0
16.20391011238098,0.0
16.23063087463379,0.0
16.254331588745117,0.0
16.280866622924805,0.0
16.30362820625305,0.0
16.326066732406616,0.0
16.35223412513733,0.0
16.37650489807129,0.0
16.401243209838867,0.0
16.428049325942993,0.0
16.45169758796692,0.0
16.477539777755737,0.0
16.501019954681396,0.0
16.526450872421265,0.0
16.55120873451233,0.0
16.5768826007843,0.0
16.601441383361816,0.0
16.627618551254272,0.0
16.653812408447266,0.0
16.680866956710815,0.0
16.703577518463135,0.0
16.726837635040283,0.0
16.75124955177307,0.0
16.77635908126831,0.0
16.801483869552612,0.0
16.826782703399658,0.0
16.85146713256836,0.0
16.87643003463745,0.0
16.901480674743652,0.0
16.927058935165405,0.0
16.95145845413208,0.0
16.97727084159851,0.0
17.001289129257202,0.0
17.026105880737305,0.0
17.051037311553955,0.0
17.076138973236084,0.0
17.100956678390503,0.0
17.127229928970337,0.0
17.151527404785156,0.0
17.17648458480835,0.0
17.20148491859436,0.0
17.22778844833374,0.0
17.25165820121765,0.0
17.276209831237793,0.0
17.300989627838135,0.0
17.326262950897217,0.0
17.35102605819702,0.0
17.376394271850586,0.0
17.404850482940674,0.0
17.426181077957153,0.0
17.45131754875183,0.0
17.476058959960938,0.0
17.501144409179688,0.0
17.526527881622314,0.0
17.55130934715271,0.0
17.576029777526855,0.0
17.601155281066895,0.0
17.626277923583984,0.0
17.65255856513977,0.0
17.676188707351685,0.0
17.700897932052612,0.0
17.726125478744507,0.0
17.751256942749023,0.0
17.776628255844116,0.0
17.80116033554077,0.0
17.826210737228394,0.0
17.851191997528076,0.0
17.876118898391724,0.0
17.901944398880005,0.0
17.926138639450073,0.0
17.951154470443726,0.0
17.976385593414307,0.0
18.00194239616394,0.0
18.026198387145996,0.0
18.05124831199646,0.0
18.076171398162842,0.0
18.10115885734558,0.0
18.12647581100464,0.0
18.151193857192993,0.0
18.17665934562683,0.0
18.201056957244873,0.0
18.22639536857605,0.0
18.25083017349243,0.0
18.278568983078003,0.0
18.301218509674072,0.0
18.325873136520386,0.0
18.3512065410614,0.0
18.376065969467163,0.0
18.401264905929565,0.0
18.426453828811646,0.0
18.451303005218506,0.0
18.47718620300293,0.0
18.501547813415527,0.0
18.527727127075195,0.0
18.552820444107056,0.0
18.57606792449951,0.0
18.601454734802246,0.0
18.62737274169922,0.0
18.65497350692749,0.0
18.67612934112549,0.0
18.702293157577515,0.0
18.7277090549469,0.0
18.75217914581299,0.0
18.777917623519897,0.0
18.807464838027954,0.0
18.82926845550537,0.0
18.852791786193848,0.0
18.879663228988647,0.0
18.903095245361328,0.0
18.928714990615845,0.0
18.95272397994995,0.0
18.97892999649048,0.0
19.00239086151123,0.0
19.027645349502563,0.0
19.05267643928528,0.0
19.079233169555664,0.0
19.102600812911987,0.02738974243402481
19.137450456619263,0.06099569797515869
19.154675245285034,0.07574313879013062
19.17634081840515,0.09634124487638474
19.201179265975952,0.11513829976320267
19.226097106933594,0.13233582675457
19.25098419189453,0.14782588183879852
19.27609086036682,0.1619562804698944
19.301018714904785,0.17470413446426392
19.326425075531006,0.18632405996322632
19.35188317298889,0.19683678448200226
19.376117706298828,0.20641793310642242
19.401079654693604,0.2150571197271347
19.427685022354126,0.22293563187122345
19.451106548309326,0.2300761193037033
19.476053953170776,0.23654502630233765
19.501055002212524,0.24240416288375854
19.52630925178528,0.24775362014770508
19.551119327545166,0.2525801360607147
19.578869104385376,0.2569755017757416
19.60243320465088,0.2609480023384094
19.62746810913086,0.2645770311355591
19.652913331985474,0.26785212755203247
19.67619252204895,0.2708345651626587
19.701411962509155,0.27352723479270935
19.726741313934326,0.2759794592857361
19.751028776168823,0.2782072126865387
19.776176691055298,0.2802268862724304
19.801082611083984,0.28205230832099915
19.82620930671692,0.2837188243865967
19.85279393196106,0.2852241098880768
19.87720775604248,0.2865915894508362
19.90384531021118,0.2878313958644867
19.927209615707397,0.28896191716194153
19.952178955078125,0.2899807393550873
19.977224826812744,0.29091256856918335
20.003028869628906,0.2917509078979492
20.02704930305481,0.29251614212989807
20.051130771636963,0.2932083308696747
20.077987670898438,0.29383882880210876
20.102976083755493,0.29440799355506897
20.127387285232544,0.29492732882499695
20.15147566795349,0.29539626836776733
20.176146984100342,0.29582300782203674
20.201210260391235,0.29620814323425293
20.226285934448242,0.2965601086616516
20.25180673599243,0.2968786358833313
20.276877641677856,0.2971752882003784
20.30130648612976,0.2974296808242798
20.326266527175903,0.29766732454299927
20.351999759674072,0.29788336157798767
20.37678623199463,0.298080176115036
20.401856422424316,0.29825782775878906
20.42760181427002,0.2984195053577423
20.45435380935669,0.2985653281211853
20.47950506210327,0.29869839549064636
20.510558366775513,0.29882049560546875
20.529747247695923,0.29892852902412415
20.553239345550537,0.29902732372283936
20.580192804336548,0.2991199493408203
20.60929584503174,0.2992244362831116
20.627542734146118,0.2992737889289856
20.651111364364624,0.2993410527706146
20.677090167999268,0.2994023859500885
20.702287912368774,0.2994574308395386
20.726612329483032,0.29950785636901855
20.751432418823242,0.2995532751083374
20.77670645713806,0.2995946705341339
20.80217695236206,0.29963219165802
20.828410148620605,0.29966625571250916
20.852909803390503,0.2996971309185028
20.878660678863525,0.29972541332244873
20.90377688407898,0.29975059628486633
20.927567958831787,0.29977378249168396
20.951565504074097,0.29979464411735535
20.97633695602417,0.29981371760368347
21.00141167640686,0.29983097314834595
21.026282787322998,0.2998465895652771
21.051305055618286,0.29986077547073364
21.076257944107056,0.2998737096786499
21.10133647918701,0.2998853623867035
21.12740921974182,0.2998960018157959
21.15177893638611,0.2999056279659271
21.176863193511963,0.2999143898487091
21.201568841934204,0.29992228746414185
21.22701120376587,0.29992949962615967
21.251989126205444,0.29993605613708496
21.27653169631958,0.2999419569969177
21.30309748649597,0.2999476194381714
21.326419830322266,0.2999522089958191
21.35220718383789,0.29995664954185486
21.37623381614685,0.2999606728553772
21.401447057724,0.2999643087387085
21.426437377929688,0.29996761679649353
21.451273202896118,0.2999705970287323
21.476609706878662,0.29997333884239197
21.501283884048462,0.29997578263282776
21.526901483535767,0.2999780476093292
21.55132818222046,0.2999800741672516
21.57640552520752,0.2999819219112396
21.601681232452393,0.29998359084129333
21.626301527023315,0.2999851107597351
21.65243411064148,0.29998648166656494
21.67684245109558,0.29998779296875
21.70286536216736,0.29998889565467834
21.727050065994263,0.2999899387359619
21.751357793807983,0.29999083280563354
21.776365280151367,0.2999916970729828
21.801371097564697,0.29999247193336487
21.82651925086975,0.2999931573867798
21.850976943969727,0.2999937832355499
21.87613010406494,0.2999943792819977
21.901147842407227,0.29999488592147827
21.92629885673523,0.2999953627586365
21.951074600219727,0.2999958097934723
21.976218223571777,0.29999619722366333
22.001085996627808,0.299996554851532
22.026812076568604,0.29999685287475586
22.051409482955933,0.29999715089797974
22.078163146972656,0.2999974191188812
22.102197885513306,0.2999976575374603
22.12611675262451,0.29999786615371704
22.151140928268433,0.29999807476997375
22.180896282196045,0.2999982535839081
22.203352451324463,0.2999984323978424
22.22646737098694,0.29999855160713196
22.25121283531189,0.2999987006187439
22.27632784843445,0.29999881982803345
22.301637887954712,0.299998939037323
22.32860565185547,0.29999902844429016
22.352020502090454,0.2999991178512573
22.376638412475586,0.2999992072582245
22.40107798576355,0.29999926686286926
22.428409099578857,0.2999993562698364
22.455076217651367,0.2999994158744812
22.47660732269287,0.299999475479126
22.50091242790222,0.29999950528144836
22.52676510810852,0.29999956488609314
22.5512216091156,0.2999995946884155
22.57671022415161,0.2999996542930603
22.60109853744507,0.2999996840953827
22.626279592514038,0.2999997138977051
22.651774883270264,0.29999974370002747
22.67850112915039,0.29999977350234985
22.70483422279358,0.29999977350234985
22.729572057724,0.29999980330467224
22.75382900238037,0.29999983310699463
22.776870489120483,0.29999983310699463
22.802714586257935,0.299999862909317
22.82718539237976,0.299999862909317
22.852147340774536,0.2999998927116394
22.880209922790527,0.2999998927116394
22.90280246734619,0.2999998927116394
22.928003311157227,0.2999999225139618
22.953646659851074,0.2999999225139618
22.979761362075806,0.2999999225139618
23.009788274765015,0.2999999523162842
23.02950096130371,0.2999999523162842
23.05418562889099,0.2999999523162842
23.080554485321045,0.2999999523162842
23.10918927192688,0.2999999523162842
23.137532234191895,0.29999998211860657
23.15174674987793,0.29999998211860657
23.17969012260437,0.29999998211860657
23.204586505889893,0.29999998211860657
23.227036952972412,0.29999998211860657
23.251795053482056,0.29999998211860657
23.276321172714233,0.29999998211860657
23.30162525177002,0.29999998211860657
23.32830572128296,0.29999998211860657
23.351447820663452,0.29999998211860657
23.37826132774353,0.29999998211860657
23.401618480682373,0.29999998211860657
23.426235675811768,0.30000001192092896
23.453006505966187,0.30000001192092896
23.47726583480835,0.30000001192092896
23.504380226135254,0.30000001192092896
23.527162075042725,0.30000001192092896
23.552070140838623,0.30000001192092896
23.576959371566772,0.30000001192092896
23.601638555526733,0.30000001192092896
23.627143621444702,0.30000001192092896
23.65327024459839,0.30000001192092896
23.678771495819092,0.30000001192092896
23.70652723312378,0.30000001192092896
23.728410959243774,0.30000001192092896
23.75338339805603,0.30000001192092896
23.78147053718567,0.30000001192092896
23.808301210403442,0.30000001192092896
23.82685136795044,0.30000001192092896
23.851910829544067,0.30000001192092896
23.884461164474487,0.30000001192092896
23.902280807495117,0.30000001192092896
23.927108764648438,0.30000001192092896
23.952199459075928,0.30000001192092896
23.975926160812378,0.30000001192092896
24.001027822494507,0.30000001192092896
24.027653455734253,0.30000001192092896
24.051135540008545,0.30000001192092896
24.07604169845581,0.30000001192092896
24.101115703582764,0.30000001192092896
24.12630844116211,0.30000001192092896
24.151418447494507,0.30000001192092896
24.17775249481201,0.30000001192092896
24.207470893859863,0.30000001192092896
24.22897458076477,0.30000001192092896
24.252145290374756,0.30000001192092896
24.277313947677612,0.30000001192092896
24.301433324813843,0.30000001192092896
24.326575756072998,0.30000001192092896
24.351327419281006,0.30000001192092896
24.376328945159912,0.30000001192092896
24.401447057724,0.30000001192092896
24.4265239238739,0.30000001192092896
24.451780796051025,0.30000001192092896
24.476120233535767,0.30000001192092896
24.50110912322998,0.30000001192092896
24.526458978652954,0.30000001192092896
24.551071882247925,0.30000001192092896
24.576658487319946,0.30000001192092896
24.601098775863647,0.30000001192092896
24.626100540161133,0.30000001192092896
24.65146279335022,0.30000001192092896
24.676360607147217,0.30000001192092896
24.70112419128418,0.30000001192092896
24.727439165115356,0.30000001192092896
24.751206159591675,0.30000001192092896
24.77601981163025,0.30000001192092896
24.801085233688354,0.30000001192092896
24.82623839378357,0.30000001192092896
24.85125207901001,0.30000001192092896
24.87633967399597,0.30000001192092896
24.900957107543945,0.30000001192092896
24.926373958587646,0.30000001192092896
24.95285940170288,0.30000001192092896
24.97641634941101,0.30000001192092896
25.002232551574707,0.30000001192092896
25.026530504226685,0.30000001192092896
25.05136251449585,0.30000001192092896
25.076897621154785,0.30000001192092896
25.101210117340088,0.30000001192092896
25.126863479614258,0.30000001192092896
25.151227474212646,0.30000001192092896
25.176211833953857,0.30000001192092896
25.20168662071228,0.30000001192092896
25.226658821105957,0.30000001192092896
25.25229024887085,0.30000001192092896
25.276798248291016,0.30000001192092896
25.30162525177002,0.30000001192092896
25.32779622077942,0.30000001192092896
25.35155153274536,0.30000001192092896
25.376845598220825,0.30000001192092896
25.402040719985962,0.30000001192092896
25.427615880966187,0.30000001192092896
25.452221155166626,0.30000001192092896
25.478582859039307,0.30000001192092896
25.50350546836853,0.30000001192092896
25.527281761169434,0.30000001192092896
25.55246663093567,0.30000001192092896
25.57807493209839,0.30000001192092896
25.60972261428833,0.30000001192092896
25.62621307373047,0.30000001192092896
25.6513249874115,0.30000001192092896
25.676236152648926,0.30000001192092896
25.70143222808838,0.30000001192092896
25.728176832199097,0.30000001192092896
25.75119400024414,0.30000001192092896
25.776183366775513,0.30000001192092896
25.802854776382446,0.30000001192092896
25.82638692855835,0.30000001192092896
25.85110831260681,0.30000001192092896
25.875967502593994,0.30000001192092896
25.901632070541382,0.30000001192092896
25.926475048065186,0.30000001192092896
25.95164132118225,0.30000001192092896
25.976824522018433,0.30000001192092896
26.00197458267212,0.30000001192092896
26.027207374572754,0.30000001192092896
26.05223512649536,0.30000001192092896
26.07687258720398,0.30000001192092896
26.102795839309692,0.30000001192092896
26.127253532409668,0.30000001192092896
26.15207028388977,0.30000001192092896
26.176598072052002,0.30000001192092896
26.203938245773315,0.30000001192092896
26.227444410324097,0.30000001192092896
26.251152753829956,0.30000001192092896
26.277114868164062,0.30000001192092896
26.301015615463257,0.30000001192092896
26.326908588409424,0.30000001192092896
26.351320028305054,0.30000001192092896
26.376999378204346,0.30000001192092896
26.402198791503906,0.30000001192092896
26.42646622657776,0.30000001192092896
26.45131278038025,0.30000001192092896
26.47633934020996,0.30000001192092896
26.50124192237854,0.30000001192092896
26.52609872817993,0.30000001192092896
26.551025867462158,0.30000001192092896
26.577020406723022,0.30000001192092896
26.601024866104126,0.30000001192092896
26.626274585723877,0.30000001192092896
26.65108633041382,0.30000001192092896
26.67629909515381,0.30000001192092896
26.702796459197998,0.30000001192092896
26.72831416130066,0.30000001192092896
26.752866744995117,0.30000001192092896
26.778613090515137,0.30000001192092896
26.80402374267578,0.30000001192092896
26.82841157913208,0.30000001192092896
26.853235960006714,0.30000001192092896
26.88045048713684,0.30000001192092896
26.902865409851074,0.30000001192092896
26.9279043674469,0.30000001192092896
26.9521644115448,0.30000001192092896
26.976651430130005,0.30000001192092896
27.002212524414062,0.30000001192092896
27.02621865272522,0.30000001192092896
27.051173448562622,0.30000001192092896
27.076280117034912,0.30000001192092896
27.103647232055664,0.30000001192092896
27.126899003982544,0.30000001192092896
27.151381731033325,0.30000001192092896
27.177079916000366,0.30000001192092896
27.20115351676941,0.30000001192092896
27.230517864227295,0.30000001192092896
27.251559495925903,0.30000001192092896
27.276302814483643,0.30000001192092896
27.301325798034668,0.30000001192092896
27.326246976852417,0.30000001192092896
27.35110092163086,0.30000001192092896
27.376789569854736,0.30000001192092896
27.403898239135742,0.30000001192092896
27.428306579589844,0.30000001192092896
27.452884674072266,0.30000001192092896
27.476940393447876,0.30000001192092896
27.501344680786133,0.30000001192092896
27.525903701782227,0.30000001192092896
27.55121374130249,0.30000001192092896
27.576722383499146,0.30000001192092896
27.60202169418335,0.30000001192092896
27.628398656845093,0.30000001192092896
27.65234875679016,0.30000001192092896
27.67997455596924,0.30000001192092896
27.70271873474121,0.30000001192092896
27.726685762405396,0.30000001192092896
27.75152063369751,0.30000001192092896
27.77663803100586,0.30000001192092896
27.801363945007324,0.30000001192092896
27.826645135879517,0.30000001192092896
27.852471828460693,0.30000001192092896
27.87746524810791,0.30000001192092896
27.901917457580566,0.30000001192092896
27.929988622665405,0.30000001192092896
27.953856468200684,0.30000001192092896
27.977561712265015,0.30000001192092896
28.003401517868042,0.30000001192092896
28.02872395515442,0.30000001192092896
28.0535626411438,0.30000001192092896
28.079705238342285,0.30000001192092896
28.102752447128296,0.30000001192092896
28.128450632095337,0.30000001192092896
28.153703927993774,0.30000001192092896
28.17688250541687,0.30000001192092896
28.2019100189209,0.30000001192092896
28.227463483810425,0.30000001192092896
28.252136945724487,0.30000001192092896
28.277227640151978,0.30000001192092896
28.3018217086792,0.30000001192092896
28.32731580734253,0.30000001192092896
28.351253032684326,0.30000001192092896
28.376058340072632,0.30000001192092896
28.40307378768921,0.30000001192092896
28.42608642578125,0.30000001192092896
28.45163106918335,0.30000001192092896
28.476206302642822,0.30000001192092896
28.501111030578613,0.30000001192092896
28.526326894760132,0.30000001192092896
28.55167579650879,0.30000001192092896
28.576854705810547,0.30000001192092896
28.60162901878357,0.30000001192092896
28.626991987228394,0.30000001192092896
28.651143550872803,0.30000001192092896
28.676427602767944,0.30000001192092896
28.702937126159668,0.30000001192092896
28.72665524482727,0.30000001192092896
28.751972436904907,0.30000001192092896
28.779064416885376,0.30000001192092896
28.80148935317993,0.30000001192092896
28.827496767044067,0.30000001192092896
28.852373838424683,0.30000001192092896
28.87769651412964,0.30000001192092896
28.90208148956299,0.30000001192092896
28.927863597869873,0.30000001192092896
28.952380895614624,0.30000001192092896
28.980648040771484,0.30000001192092896
29.001684427261353,0.30000001192092896
29.026949644088745,0.30000001192092896
29.052226543426514,0.30000001192092896
29.07676911354065,0.30000001192092896
29.10115385055542,0.30000001192092896
29.12655735015869,0.30000001192092896
29.151727199554443,0.30000001192092896
29.176756858825684,0.30000001192092896
29.202039003372192,0.30000001192092896
29.228015899658203,0.30000001192092896
29.251385927200317,0.30000001192092896
29.27607560157776,0.30000001192092896
29.300955533981323,0.30000001192092896
29.326164484024048,0.30000001192092896
29.351117849349976,0.30000001192092896
29.376202821731567,0.30000001192092896
29.401026248931885,0.30000001192092896
29.427350997924805,0.30000001192092896
29.451390504837036,0.30000001192092896
29.47958993911743,0.30000001192092896
29.502410173416138,0.30000001192092896
29.52734375,0.30000001192092896
29.551441192626953,0.30000001192092896
29.576436042785645,0.30000001192092896
29.60107922554016,0.30000001192092896
29.626105546951294,0.30000001192092896
29.651275396347046,0.30000001192092896
29.67665410041809,0.30000001192092896
29.70197105407715,0.30000001192092896
29.726494789123535,0.30000001192092896
29.75106143951416,0.30000001192092896
29.777798891067505,0.30000001192092896
29.804150342941284,0.30000001192092896
29.830518007278442,0.30000001192092896
29.852924585342407,0.30000001192092896
29.87667202949524,0.30000001192092896
29.901323080062866,0.30000001192092896
29.928306818008423,0.30000001192092896
29.953354120254517,0.30000001192092896
29.976550340652466,0.30000001192092896
30.00177025794983,0.30000001192092896
30.02652883529663,0.30000001192092896
30.054065942764282,0.30000001192092896
30.07616090774536,0.30000001192092896
30.100921630859375,0.30000001192092896
30.126314878463745,0.30000001192092896
30.151209115982056,0.30000001192092896
30.176331281661987,0.30000001192092896
30.201111316680908,0.30000001192092896
30.226383447647095,0.30000001192092896
30.251874446868896,0.30000001192092896
30.278827905654907,0.30000001192092896
30.301265478134155,0.30000001192092896
30.326321840286255,0.30000001192092896
30.35147523880005,0.30000001192092896
30.376594305038452,0.30000001192092896
30.40220546722412,0.30000001192092896
30.426884412765503,0.30000001192092896
30.45220637321472,0.30000001192092896
30.47719430923462,0.30000001192092896
30.502537488937378,0.30000001192092896
30.527470350265503,0.30000001192092896
30.550973176956177,0.30000001192092896
30.57629680633545,0.30000001192092896
30.601773738861084,0.30000001192092896
30.626296520233154,0.30000001192092896
30.652144193649292,0.30000001192092896
30.67619252204895,0.30000001192092896
30.701337337493896,0.30000001192092896
30.72749137878418,0.30000001192092896
30.75243043899536,0.30000001192092896
30.77655577659607,0.30000001192092896
30.802325010299683,0.30000001192092896
30.826703310012817,0.30000001192092896
30.853235006332397,0.30000001192092896
30.877283811569214,0.30000001192092896
30.90287685394287,0.30000001192092896
30.933194398880005,0.30000001192092896
30.953683137893677,0.30000001192092896
30.97991156578064,0.30000001192092896
31.003233432769775,0.30000001192092896
31.026882886886597,0.30000001192092896
31.05181908607483,0.30000001192092896
31.076610326766968,0.30000001192092896
31.101755619049072,0.30000001192092896
31.12797975540161,0.30000001192092896
31.15408706665039,0.30000001192092896
31.17925238609314,0.30000001192092896
31.20187473297119,0.30000001192092896
31.227227926254272,0.30000001192092896
31.252375602722168,0.30000001192092896
31.278408765792847,0.30000001192092896
31.301560878753662,0.30000001192092896
31.32671070098877,0.30000001192092896
31.352394819259644,0.30000001192092896
31.378300189971924,0.30000001192092896
31.40126895904541,0.30000001192092896
31.42919683456421,0.30000001192092896
31.455353260040283,0.30000001192092896
31.485100984573364,0.30000001192092896
31.50539255142212,0.30000001192092896
31.527694702148438,0.30000001192092896
31.55169415473938,0.30000001192092896
31.57854986190796,0.30000001192092896
31.60192584991455,0.30000001192092896
31.627500295639038,0.30000001192092896
31.653148412704468,0.30000001192092896
31.676429986953735,0.30000001192092896
31.70121932029724,0.30000001192092896
31.72611689567566,0.30000001192092896
31.75146484375,0.30000001192092896
31.776862144470215,0.30000001192092896
31.80179476737976,0.30000001192092896
31.826639652252197,0.30000001192092896
31.851243019104004,0.30000001192092896
31.878618478775024,0.30000001192092896
31.90222716331482,0.30000001192092896
31.92863893508911,0.30000001192092896
31.952402353286743,0.30000001192092896
31.980184078216553,0.30000001192092896
32.001792669296265,0.30000001192092896
32.02638101577759,0.30000001192092896
32.05132579803467,0.30000001192092896
32.07666039466858,0.30000001192092896
32.10185194015503,0.30000001192092896
32.12738060951233,0.30000001192092896
32.152108907699585,0.30000001192092896
32.176490783691406,0.30000001192092896
32.2015643119812,0.30000001192092896
32.227190017700195,0.30000001192092896
32.25144147872925,0.30000001192092896
32.27647161483765,0.30000001192092896
32.30133056640625,0.30000001192092896
32.32607984542847,0.30000001192092896
32.35104322433472,0.30000001192092896
32.37847566604614,0.30000001192092896
32.40357685089111,0.30000001192092896
32.426504611968994,0.30000001192092896
32.45170450210571,0.30000001192092896
32.47675108909607,0.30000001192092896
32.50146436691284,0.30000001192092896
32.52628684043884,0.30000001192092896
32.5510675907135,0.30000001192092896
32.57610726356506,0.30000001192092896
32.60282063484192,0.30000001192092896
32.62695837020874,0.30000001192092896
32.652411699295044,0.30000001192092896
32.67811965942383,0.30000001192092896
32.70235252380371,0.30000001192092896
32.72644782066345,0.30000001192092896
32.7520112991333,0.30000001192092896
32.77623701095581,0.30000001192092896
32.80132055282593,0.30000001192092896
32.82727026939392,0.30000001192092896
32.85328984260559,0.30000001192092896
32.87832474708557,0.30000001192092896
32.904120445251465,0.30000001192092896
32.929126262664795,0.30000001192092896
32.9527542591095,0.30000001192092896
32.980971813201904,0.30000001192092896
33.00321316719055,0.30000001192092896
33.02774167060852,0.30000001192092896
33.0545928478241,0.30000001192092896
33.07709264755249,0.30000001192092896
33.10405969619751,0.30000001192092896
33.12763428688049,0.30000001192092896
33.153443336486816,0.30000001192092896
33.177441120147705,0.30000001192092896
33.20108914375305,0.30000001192092896
33.22637367248535,0.30000001192092896
33.25279688835144,0.30000001192092896
33.27669954299927,0.30000001192092896
33.30120086669922,0.30000001192092896
33.32646083831787,0.30000001192092896
33.35119986534119,0.30000001192092896
33.3760347366333,0.30000001192092896
33.40090990066528,0.30000001192092896
33.42635989189148,0.30000001192092896
33.4528112411499,0.30000001192092896
33.47657871246338,0.30000001192092896
33.5013382434845,0.30000001192092896
33.52651262283325,0.30000001192092896
33.55117201805115,0.30000001192092896
33.57624864578247,0.30000001192092896
33.60157656669617,0.30000001192092896
33.626490354537964,0.30000001192092896
33.65118741989136,0.30000001192092896
33.678462982177734,0.30000001192092896
33.70204210281372,0.30000001192092896
33.72596478462219,0.30000001192092896
33.75109124183655,0.30000001192092896
33.77670502662659,0.30000001192092896
33.80609583854675,0.30000001192092896
33.8276572227478,0.30000001192092896
33.8519549369812,0.30000001192092896
33.876179218292236,0.30000001192092896
33.904059410095215,0.30000001192092896
33.92663645744324,0.30000001192092896
33.9512038230896,0.30000001192092896
33.976152658462524,0.30000001192092896
34.001293897628784,0.30000001192092896
34.026636362075806,0.30000001192092896
34.05163908004761,0.30000001192092896
34.07605457305908,0.30000001192092896
34.10412406921387,0.30000001192092896
34.12733483314514,0.30000001192092896
34.15110683441162,0.30000001192092896
34.17647457122803,0.30000001192092896
34.20255994796753,0.30000001192092896
34.22758889198303,0.30000001192092896
34.253132343292236,0.30000001192092896
34.27661657333374,0.30000001192092896
34.30121159553528,0.30000001192092896
34.326682329177856,0.30000001192092896
34.35144782066345,0.30000001192092896
34.37876629829407,0.30000001192092896
34.40518856048584,0.30000001192092896
34.42637801170349,0.30000001192092896
34.45126461982727,0.30000001192092896
34.476619243621826,0.30000001192092896
34.50155520439148,0.30000001192092896
34.527201890945435,0.30000001192092896
34.55136585235596,0.30000001192092896
34.57631182670593,0.30000001192092896
34.60210585594177,0.30000001192092896
34.63008141517639,0.30000001192092896
34.65192413330078,0.30000001192092896
34.67652750015259,0.30000001192092896
34.70092248916626,0.30000001192092896
34.72650384902954,0.30000001192092896
34.75121355056763,0.30000001192092896
34.77652049064636,0.30000001192092896
34.80135178565979,0.30000001192092896
34.82696890830994,0.30000001192092896
34.85164523124695,0.30000001192092896
34.87651968002319,0.30000001192092896
34.901291370391846,0.30000001192092896
34.92675256729126,0.30000001192092896
34.951441049575806,0.30000001192092896
34.97647953033447,0.30000001192092896
35.00132632255554,0.30000001192092896
35.02603459358215,0.30000001192092896
35.051207542419434,0.30000001192092896
35.07597327232361,0.30000001192092896
35.101150035858154,0.2722665071487427
35.12607431411743,0.2470121681690216
35.152801513671875,0.2226717174053192
35.17586588859558,0.203431636095047
35.201359033584595,0.18459270894527435
35.226892948150635,0.16741657257080078
35.251203775405884,0.15194068849086761
35.27619457244873,0.13788437843322754
35.301233530044556,0.12511487305164337
35.32639408111572,0.11354031413793564
35.351078510284424,0.10301576554775238
35.37605118751526,0.09348089247941971
35.40131592750549,0.08484237641096115
35.42690181732178,0.07697954028844833
35.45154070854187,0.06983672082424164
35.47623944282532,0.06337856501340866
35.501288175582886,0.05750259757041931
35.52682304382324,0.05218338221311569
35.55174684524536,0.047345954924821854
35.5762984752655,0.04296472668647766
35.6008837223053,0.03899475559592247
35.62615251541138,0.03538096323609352
35.651474952697754,0.032098907977342606
35.676189661026,0.029129456728696823
35.701114892959595,0.026441434398293495
35.726136445999146,0.023987969383597374
35.75120306015015,0.02176581881940365
35.77696466445923,0.01974799670279026
35.80533456802368,0.01792006753385067
35.82972192764282,0.0162548515945673
35.8524010181427,0.014754751697182655
35.878541707992554,0.013386349193751812
35.902729988098145,0.012153124436736107
35.92818737030029,0.01101304404437542
35.95345187187195,0.010000758804380894
35.977306604385376,0.009073622524738312
36.00191807746887,0.008237136527895927
36.02644062042236,0.007472996599972248
36.05192542076111,0.00678212707862258
36.076876163482666,0.006151712965220213
36.10185122489929,0.005584716331213713
36.12769389152527,0.005060245748609304
36.151238679885864,0.00459821242839098
36.176586866378784,0.0041720508597791195
36.20377826690674,0.0037864940240979195
36.22805833816528,0.0034354974050074816
36.254844188690186,0.0031126432586461306
36.27826142311096,0.0028285293374210596
36.302868127822876,0.002567355753853917
36.32981586456299,0.002328573726117611
36.356343030929565,0.0020846526604145765
36.37961030006409,0.0019170314772054553
36.40127968788147,0.0017398294294252992
36.426273822784424,0.0015785666182637215
36.451170444488525,0.0014325621305033565
36.47610807418823,0.001299996511079371
36.50123739242554,0.0011798720806837082
36.52642226219177,0.0010700353886932135
36.551090478897095,0.0009712462197057903
36.57623338699341,0.0008811306906864047
36.60172438621521,0.0007999248337000608
36.62641358375549,0.0007256993558257818
36.65234637260437,0.0006583909271284938
36.67619323730469,0.0005974922678433359
36.70193338394165,0.0005412662285380065
36.726715326309204,0.0004918804625049233
36.75166583061218,0.0004463095683604479
36.7764458656311,0.0004049393755849451
36.8019859790802,0.00036770233418792486
36.828020095825195,0.0003335940418764949
36.85248112678528,0.0003026669437531382
36.876152753829956,0.00027462668367661536
36.90106678009033,0.0002493015490472317
36.92642402648926,0.0002261162007926032
36.95129919052124,0.0002052026247838512
36.97686266899109,0.000186146775376983
37.001654386520386,0.00016878481255844235
37.02731728553772,0.00015331976464949548
37.05134916305542,0.00013911421410739422
37.07636904716492,0.00012623568181879818
37.10205698013306,0.00011456908396212384
37.12717247009277,0.00010392443800810724
37.152267932891846,9.429094643564895e-05
37.17678666114807,8.556453394703567e-05
37.20190382003784,7.752975216135383e-05
37.22682809829712,7.045903475955129e-05
37.25183296203613,6.394636875484139e-05
37.27700114250183,5.8035653637489304e-05
37.3012912273407,5.2666571718873456e-05
37.32626223564148,4.777728099725209e-05
37.35226321220398,4.335332050686702e-05
37.379292249679565,3.9337086491286755e-05
37.40277123451233,3.570517583284527e-05
37.42752933502197,3.239370198571123e-05
37.45252776145935,2.9368195100687444e-05
37.47791790962219,2.6663774406188168e-05
37.50306153297424,2.420139207970351e-05
37.52818202972412,2.1952280803816393e-05
37.553546667099,1.99247424461646e-05
37.57698631286621,1.8075157640851103e-05
37.602295875549316,1.640530717850197e-05
37.62734913825989,1.4882376490277238e-05
37.65228867530823,1.3505899914889596e-05
37.678420305252075,1.2255562978680246e-05
37.70473623275757,1.1095072295574937e-05
37.72958183288574,1.0091051080962643e-05
37.76356863975525,8.895506653061602e-06
37.77784037590027,8.30288354336517e-06
37.80406904220581,7.5240604928694665e-06
37.8289532661438,6.834897249063943e-06
37.85244679450989,6.203421889949823e-06
37.88244867324829,5.565093488257844e-06
37.904192209243774,5.108385721541708e-06
37.92853045463562,4.6335226215887815e-06
37.95445442199707,4.20453397964593e-06
37.98036241531372,3.815349373326171e-06
38.00387692451477,3.4629149467946263e-06
38.028647899627686,3.141901970593608e-06
38.055335998535156,2.850573764590081e-06
38.08075928688049,2.58661930274684e-06
38.10506057739258,2.3478633011109196e-06
38.12942719459534,2.129866288669291e-06
38.15358519554138,1.932638497237349e-06
38.17866611480713,1.754026698108646e-06
38.205405950546265,1.5897866205705213e-06
38.236130475997925,1.427315510227345e-06
38.254669427871704,1.3102294360578526e-06
38.28065323829651,1.188373971672263e-06
38.30635452270508,1.0748110526037635e-06
38.3280873298645,9.789201840249007e-07
38.35219597816467,8.879153483576374e-07
38.3807053565979,7.991299071363756e-07
38.40381193161011,7.316682513192063e-07
38.42729210853577,6.637489491367887e-07
38.45435094833374,6.021135732225957e-07
38.479780435562134,5.453682092593226e-07
38.503292083740234,4.960089654559852e-07
38.52886986732483,4.4994186509939027e-07
38.551758766174316,4.083585736225359e-07
38.577319622039795,3.70517909686896e-07
38.602266788482666,3.3619269856899336e-07
38.626670837402344,3.0512762805301463e-07
38.65164566040039,2.7681772962750983e-07
38.67665338516235,2.511619641154539e-07
38.70184087753296,2.279640511915204e-07
38.72745680809021,2.0675240364198544e-07
38.752098083496094,1.8767899234717333e-07
38.778770208358765,1.7035682731147972e-07
38.80306839942932,1.5457590052392334e-07
38.82688927650452,1.402265752403764e-07
38.85119009017944,1.2723457132324256e-07
38.87820553779602,1.1540431188450384e-07
38.90089821815491,1.0480892598252467e-07
38.92650532722473,9.508229226184994e-08
38.95114707946777,8.62713278593219e-08
38.97600245475769,7.829923731605959e-08
39.00122809410095,7.105514043814765e-08
39.026591300964355,6.446315126140689e-08
39.052111864089966,5.848306372513434e-08
39.07646179199219,5.308074690901776e-08
39.10187315940857,4.8168026012263e-08
39.12653470039368,4.3689215800668535e-08
39.15133285522461,3.9657631845102514e-08
39.17625451087952,3.597546438527388e-08
39.201244831085205,3.265605741376021e-08
39.22647404670715,2.963142797796081e-08
39.251347064971924,2.688397948702459e-08
39.276007413864136,2.439660384823128e-08
39.30157017707825,2.2140675071113947e-08
39.326616048812866,2.0085167307115626e-08
39.351828813552856,1.822672679452353e-08
39.37729048728943,1.6540509406581805e-08
39.40332269668579,1.5007314502213376e-08
39.42814612388611,1.361698842572423e-08
39.451541900634766,1.235687552281206e-08
39.477073669433594,1.1212848427533118e-08
39.50254964828491,1.0177291898116891e-08
39.52711725234985,9.230205044730155e-09
39.551358222961426,8.375814708472262e-09
39.576234579086304,7.601729912209976e-09
39.60105752944946,6.900275462129457e-09
39.62609624862671,6.25986062985362e-09
39.65112900733948,5.679944514724866e-09
39.676114559173584,5.155000870615822e-09
39.70121884346008,4.6761137184603285e-09
39.7266743183136,4.242718620872665e-09
39.751561641693115,3.850611385303182e-09
39.77651381492615,3.493995315295706e-09
39.801273345947266,3.1711280268353903e-09
39.82612347602844,2.8772848548186403e-09
39.852112770080566,2.6095259286762484e-09
39.87652039527893,2.368668594598944e-09
39.90135622024536,2.15000794945297e-09
39.926515102386475,1.9506423143411666e-09
39.95244026184082,1.7696858423121853e-09
39.977065324783325,1.605380495206532e-09
40.00224328041077,1.45718359600977e-09
40.02721428871155,1.3218761640843013e-09
40.052313566207886,1.1995755500038285e-09
40.07676649093628,1.0884354528784002e-09
40.102450132369995,9.879800311196618e-10
40.127361536026,8.965254094661645e-10
40.15253829956055,8.135004336828899e-10
40.17877793312073,7.382119360244133e-10
40.20585584640503,6.699594212733473e-10
40.2264347076416,6.071245728378472e-10
40.251300573349,5.515646828158083e-10
40.276323556900024,5.005231784593889e-10
40.30168628692627,4.540410269981976e-10
40.32685899734497,4.1194866962079857e-10
40.352458238601685,3.7382935635932313e-10
40.37672472000122,3.3930655507496965e-10
40.402342319488525,3.079794197446972e-10
40.42664837837219,2.7944166425264427e-10
40.45246338844299,2.5339944031976813e-10
40.47941541671753,2.3002744153899357e-10
40.501869678497314,2.0880562556779836e-10
40.52731490135193,1.894108064837141e-10
40.551297426223755,1.71892292066822e-10
40.576241970062256,1.5595627567144277e-10
40.60107707977295,1.4155607241939094e-10
40.626625061035156,1.283785300287832e-10
40.65177845954895,1.165030294458802e-10
40.67819547653198,1.0573271425062813e-10
40.702486515045166,9.588176086428035e-11
40.7284300327301,8.694689412891421e-11
40.752476930618286,7.900016751882788e-11
40.77630853652954,7.168174387395254e-11
40.801642179489136,6.505098543163612e-11
40.82691931724548,5.900854110896248e-11
40.852128744125366,5.3553824569396724e-11
40.87803339958191,4.8594323009965024e-11
40.90438652038574,4.410420292866313e-11
40.92728662490845,4.0019473845909204e-11
40.95124840736389,3.631774048162839e-11
40.97675180435181,3.294241962548128e-11
41.001609563827515,2.988645095292064e-11
41.02675747871399,2.7131415170078554e-11
41.05325436592102,2.461075614135222e-11
41.07692837715149,2.2333617594183508e-11
41.10176348686218,2.0271808537364322e-11
41.12640976905823,1.8394230583140825e-11
41.15216851234436,1.6688707707435135e-11
41.176769733428955,1.5144671974831603e-11
41.20225405693054,1.3741017004798017e-11
41.22940731048584,1.246492319084691e-11
41.254279375076294,1.1312154338249947e-11
41.27984809875488,1.0264786416691596e-11
41.303502798080444,9.316085229638116e-12
41.327874183654785,8.456389234690054e-12
41.353190183639526,7.66761914378078e-12
41.384501457214355,6.958691869257683e-12
41.40205979347229,6.318476124256289e-12
41.42750859260559,5.726393317861955e-12
41.4516966342926,5.200555697887355e-12
41.47770071029663,4.719116156876035e-12
41.502692222595215,4.283482856609622e-12
41.526612997055054,3.884590565883528e-12
41.554320335388184,3.525902443277107e-12
41.57979989051819,3.1964808404338907e-12
41.604238986968994,2.9039622269355636e-12
41.62618541717529,2.634829854297749e-12
41.6511812210083,2.3901477585325237e-12
41.67681694030762,2.1689271472585814e-12
41.70139026641846,1.968874932881115e-12
41.727044105529785,1.7841293763545818e-12
41.75264525413513,1.6205023434245902e-12
41.77618360519409,1.470775758127818e-12
41.80099010467529,1.3348070478785834e-12
41.82815909385681,1.2089207673121605e-12
41.852330446243286,1.098376598007711e-12
41.877208948135376,9.967163813046076e-13
41.90229058265686,9.038010682742292e-13
41.92749738693237,8.211577576765217e-13
41.95234727859497,7.447353280939928e-13
41.97751498222351,6.7485936543904e-13
42.00144863128662,6.134662547917225e-13
42.02648425102234,5.565919361689986e-13
42.053157567977905,5.049379425865752e-13
42.07986378669739,4.579952411244703e-13
42.10189390182495,4.1586235865510857e-13
42.12725615501404,3.771988418225375e-13
42.15165901184082,3.4243487494374503e-13
42.176430225372314,3.106828217001173e-13
42.20237755775452,2.8200063269777365e-13
42.22739100456238,2.558403250536856e-13
42.25336742401123,2.3181689857640353e-13
42.27665686607361,2.1050184978357173e-13
42.30109000205994,1.9121462497152103e-13
42.325982332229614,1.734440905785603e-13
42.351035833358765,1.5740826610904923e-13
42.37603759765625,1.4282692595898178e-13
42.40260624885559,1.296031831117192e-13
42.4281964302063,1.174111128416852e-13
42.45485258102417,1.0667296446121785e-13
42.48340654373169,9.605038525607387e-14
42.50289535522461,8.787115729057965e-14
42.527939796447754,7.972345927951402e-14
42.553844690322876,7.232148907521108e-14
42.57752728462219,6.555782934743182e-14
42.60123872756958,5.957709911345865e-14
42.627496004104614,5.4031899668436495e-14
42.651912450790405,4.9040083788514516e-14
42.67667317390442,4.450359216345498e-14
42.702659606933594,4.037132160148414e-14
42.72653245925903,3.6632911195591186e-14
42.7512149810791,3.3248567337914106e-14
42.7763192653656,3.016974826431165e-14
42.801517963409424,2.7381615651613823e-14
42.82744646072388,2.4848358640876603e-14
42.85234594345093,2.2534464528753406e-14
42.87736988067627,2.044701112255149e-14
42.90207266807556,1.856213581008081e-14
42.92788338661194,1.6842045675300767e-14
42.95315408706665,1.528408611695467e-14
42.975969552993774,1.3867216836632723e-14
43.0018036365509,1.25855221562313e-14
43.026968002319336,1.1415374091686744e-14
43.05194902420044,1.0358191423185704e-14
43.07731652259827,9.399354362058573e-15
43.10505485534668,8.522489761434923e-15
43.12695550918579,7.741307696599014e-15
43.152146100997925,7.022856044803811e-15
43.17621850967407,6.3737679210592625e-15
43.201027154922485,5.7853586965571704e-15
43.22599267959595,5.248992870400277e-15
43.25166630744934,4.7622157411074395e-15
43.27774477005005,4.3165379209648014e-15
43.30147647857666,3.921913317652022e-15
43.326642990112305,3.5580165285667865e-15
43.35164427757263,3.228429444284797e-15
43.37715482711792,2.9289569223765397e-15
43.40343761444092,2.658651980006984e-15
43.42784309387207,2.4123110820229105e-15
43.45510149002075,2.1883115250556162e-15
43.476540088653564,1.9861990876871363e-15
43.5016815662384,1.8026686473572844e-15
43.527313232421875,1.6347574945748018e-15
43.5531108379364,1.4838533869446463e-15
43.578532695770264,1.3427406625473952e-15
43.60259509086609,1.2214706378516418e-15
43.62734317779541,1.1087478108683948e-15
43.652153968811035,1.0060936645291596e-15
43.67607831954956,9.130186137904233e-16
43.70098090171814,8.286707552654848e-16
43.7260627746582,7.518447081308422e-16
43.75098514556885,6.82126537973084e-16
43.776373863220215,6.189561971953975e-16
43.80183696746826,5.617161987792345e-16
43.82692289352417,5.095229285419309e-16
43.851425647735596,4.624926946950568e-16
43.87597584724426,4.197167632351062e-16
43.901163816452026,3.806958347094523e-16
43.92839169502258,3.455143477150245e-16
43.953479528427124,3.1350526380586013e-16
43.98108649253845,2.837264441165959e-16
44.00163817405701,2.581923182842598e-16
44.02632188796997,2.342834633892475e-16
44.051400661468506,2.1254489219355791e-16
44.07633924484253,1.9287689303743147e-16
44.10150718688965,1.7506143434628898e-16
44.12674379348755,1.5877592891612457e-16
44.15123677253723,1.441147679809979e-16
44.17636275291443,1.3078956329214846e-16
44.201422452926636,1.1868600510636635e-16
44.226455211639404,1.0767204231066358e-16
44.25281500816345,9.770591221027359e-17
44.279375314712524,8.86602554606428e-17
44.30298352241516,8.003213963189408e-17
44.32813906669617,7.300582266340735e-17
44.35142254829407,6.622788487181314e-17
44.37659955024719,6.009721260081922e-17
44.400999784469604,5.4550503372508143e-17
44.42620491981506,4.9500956162121034e-17
44.45123243331909,4.490639137586259e-17
44.476279973983765,4.0753173768515494e-17
44.50172758102417,3.6975578877328726e-17
44.52746772766113,3.3556073782038613e-17
44.55302810668945,3.0441881050841823e-17
44.58029556274414,2.7626957302183043e-17
44.603243350982666,2.5075712263026567e-17
44.628013610839844,2.2750995597701412e-17
44.65129542350769,2.0640522019749942e-17
44.67612051963806,1.8729556133740137e-17
44.70120978355408,1.699943343633035e-17
44.72708821296692,1.541847621878225e-17
44.75158071517944,1.3995224293739835e-17
44.77697563171387,1.2700834700423994e-17
44.80149793624878,1.1507989799105162e-17
44.82627725601196,1.045501534910476e-17
44.85134506225586,9.487035361405406e-18
44.87602090835571,8.609198208139631e-18
44.90119981765747,7.813156809746162e-18
44.926042556762695,7.090130644022749e-18
44.95128631591797,6.432377714026201e-18
44.97605013847351,5.836676151270625e-18
45.00082993507385,5.297853181795421e-18
45.02606201171875,4.8062196254954475e-18
45.05143880844116,4.360769630745841e-18
45.076040506362915,3.957163808053149e-18
45.10361909866333,3.581933589093475e-18
45.12770652770996,3.258080591955236e-18
45.153008699417114,2.956294292018074e-18
45.178210973739624,2.6826799025880898e-18
45.20285391807556,2.43509626664969e-18
45.227590799331665,2.2094246451378198e-18
45.2527859210968,2.0029144557205874e-18
45.27640390396118,1.8188231356502266e-18
45.3018798828125,1.6507831519688807e-18
45.32647085189819,1.4972653579166689e-18
45.35150384902954,1.358986815687098e-18
45.37648916244507,1.2330116544910644e-18
45.401957273483276,1.119179297892156e-18
45.428603410720825,1.014981320682806e-18
45.45187187194824,9.212646524126919e-19
45.47670221328735,8.359554478885668e-19
45.50157928466797,7.586065125917691e-19
45.52643299102783,6.882294173890864e-19
45.551446199417114,6.241997960144059e-19
45.57586312294006,5.668011646226802e-19
45.60178852081299,5.144351000777271e-19
45.626230239868164,4.666764832434826e-19
45.65139985084534,4.2348191298718194e-19
45.67604660987854,3.8427941976463872e-19
45.701324462890625,3.48741620999041e-19
45.7265362739563,3.163911042299749e-19
45.75122690200806,2.871025774440329e-19
45.7760226726532,2.605142008220112e-19
45.80249619483948,2.364521630376972e-19
45.82641935348511,2.145483428691106e-19
45.85112261772156,1.9464480051804206e-19
45.87905502319336,1.766172133233643e-19
45.902918338775635,1.6029021899521608e-19
45.926591634750366,1.454269336856775e-19
45.95257210731506,1.3195830073829747e-19
45.97892427444458,1.1975020057156876e-19
46.00269818305969,1.0868328653273645e-19
46.02750110626221,9.859225820860918e-20
46.05672025680542,8.809804395934766e-20
46.07762885093689,8.117492997319095e-20
46.10201907157898,7.3674947982658e-20
46.128148317337036,6.679672146942937e-20
46.15307354927063,6.060443447916034e-20
46.178287982940674,5.502471350657803e-20
46.2035698890686,4.994541418637043e-20
46.22691774368286,4.530875989145527e-20
46.25225591659546,4.111747450174029e-20
46.27833962440491,3.7311338622396783e-20
46.30120897293091,3.385656386410651e-20
46.3264274597168,3.0715245321534087e-20
46.351104736328125,2.7873123822635775e-20
46.37654113769531,2.5292439864918237e-20
46.40109419822693,2.2957845370609492e-20
46.426018714904785,2.082624293732582e-20
46.4527702331543,1.889191984896178e-20
46.476102352142334,1.7146504132989535e-20
46.502519607543945,1.552671162578738e-20
46.52844476699829,1.4093821547343862e-20
46.55151987075806,1.2810772328807485e-20
46.576292991638184,1.16255299475634e-20
46.60156226158142,1.0551075646232435e-20
46.62690043449402,9.570163032160287e-21
46.65134596824646,8.685497406002659e-21
46.676695585250854,7.880181341926167e-21
46.70122027397156,7.153146129041742e-21
46.72725248336792,6.462052479228243e-21
46.75126647949219,5.8878021299056936e-21
46.77605581283569,5.3432527344526265e-21
46.80197334289551,4.849490128347041e-21
46.82654857635498,4.398956594976588e-21
46.85129141807556,3.99225838341326e-21
46.875985860824585,3.622500167769604e-21
46.90140724182129,3.2870299617653343e-21
46.9264497756958,2.9827967290980954e-21
46.951390504837036,2.7064822557432633e-21
46.97706604003906,2.4546324164085756e-21
47.00163531303406,2.2290847395104434e-21
47.026397943496704,2.0226351200704478e-21
47.05125188827515,1.834898442505547e-21
47.08132481575012,1.6295349015163107e-21
47.10122466087341,1.5105822500736723e-21
47.126840353012085,1.3699503378039162e-21
47.154449224472046,1.2269759251642117e-21
47.17605638504028,1.1282041784562013e-21
47.201168060302734,1.0239781086099735e-21
47.22681999206543,9.288667774763845e-22
47.25154733657837,8.428786164007892e-22
47.27605104446411,7.64890287454153e-22
47.303152084350586,6.940789014272472e-22
47.32701325416565,6.297475344201889e-22
47.35212063789368,5.71293673406232e-22
47.37708067893982,5.183871327648871e-22
47.402209997177124,4.705386925171725e-22
47.426804304122925,4.269522216157646e-22
47.451865434646606,3.873613501319628e-22
47.477147817611694,3.510850828452825e-22
47.50304293632507,3.190250688377295e-22
47.527870893478394,2.893727592871069e-22
47.554001569747925,2.6257458635689737e-22
47.581775188446045,2.3778744075514966e-22
47.6018967628479,2.16336659289733e-22
47.62788486480713,1.9630838967393433e-22
47.65177273750305,1.7807749860991466e-22
47.67885088920593,1.6158000632281694e-22
47.70617079734802,1.4663961186665516e-22
47.728153228759766,1.3302728052165105e-22
47.75090551376343,1.2074971445005537e-22
47.7762496471405,1.09573574906991e-22
47.80122947692871,9.942400845888332e-23
47.826977252960205,9.018094416507045e-23
47.85121965408325,8.185133662329282e-23
47.87610387802124,7.427604418997476e-23
47.9014368057251,6.740327972441033e-23
47.92748737335205,6.116383803710629e-23
47.952544927597046,5.548620415383893e-23
47.977437019348145,5.035351853934187e-23
48.00108313560486,4.570213274033825e-23
48.02647423744202,4.146699728658355e-23
48.0518958568573,3.762495122190048e-23
48.076613903045654,3.414222814410196e-23
48.10138702392578,3.098394462395912e-23
48.126336336135864,2.8110020216599485e-23
48.15128445625305,2.5506670366565225e-23
48.17636275291443,2.3145197891846212e-23
48.20198893547058,2.1004257794068974e-23
48.22652578353882,1.9053278557712576e-23
48.251948595047,1.7290682460966577e-23
48.27951169013977,1.5687702902061187e-23
48.30212330818176,1.423778444687402e-23
48.32717251777649,1.2913664062520636e-23
48.35215163230896,1.1717920535300205e-23
48.377363204956055,1.0634593631378294e-23
48.40196704864502,9.650454153374347e-24
48.4272575378418,8.756756000432178e-24
48.45202922821045,7.947282948618646e-24
48.47948908805847,7.21164254436837e-24
48.50217032432556,6.537787303936814e-24
48.52698874473572,5.938538978046988e-24
48.55105495452881,5.38919359859099e-24
48.57634377479553,4.887810567741977e-24
48.60212826728821,4.437488136705205e-24
48.62763261795044,4.021886235120377e-24
48.652292013168335,3.6522753187403874e-24
48.676872968673706,3.313623643016249e-24
48.70179533958435,3.007586829772794e-24
48.72710919380188,2.7274408258691455e-24
48.751572370529175,2.4765351347088716e-24
48.77733540534973,2.2466762524998942e-24
48.80225610733032,2.0399814819118267e-24
48.826507806777954,1.8506473704801843e-24
48.85223579406738,1.67873406884899e-24
48.87967801094055,1.523120014026246e-24
48.902151584625244,1.3825721178094787e-24
48.927857637405396,1.2539294145514674e-24
48.95358848571777,1.1383003524316609e-24
48.97883057594299,1.0305180897360877e-24
49.003032207489014,9.357723451449707e-25
49.026652574539185,8.503808145603513e-25
49.05133581161499,7.718517822054758e-25
49.07616567611694,7.003240382958565e-25
49.107375621795654,6.197047710611782e-25
49.12630581855774,5.763137727923359e-25
49.15138077735901,5.229599050248114e-25
49.1763129234314,4.745046169596765e-25
49.20123052597046,4.3066184791117545e-25
49.22628140449524,3.9069112866024187e-25
49.25130820274353,3.5458890933280226e-25
49.276326417922974,3.216702614478985e-25
49.30133628845215,2.920081792911668e-25
49.32608366012573,2.6486971247404367e-25
49.35119390487671,2.4038595981821557e-25
49.37751483917236,2.171239308374452e-25
49.401264667510986,1.9797581147740245e-25
49.42619872093201,1.7956244209486318e-25
49.45122265815735,1.6296007548358177e-25
49.47613573074341,1.4787219855080826e-25
49.501081466674805,1.3421946914580971e-25
49.5265896320343,1.2176464967729257e-25
49.55133104324341,1.1049483487388546e-25
49.57618308067322,1.002614538774465e-25
49.604347705841064,8.98242324556936e-26
49.62671947479248,8.252145739619906e-26
49.65126991271973,7.489153309114321e-26
49.67615485191345,6.795917136748069e-26
49.701090574264526,6.167026129749399e-26
49.72630977630615,5.586328977381493e-26
49.75138974189758,5.065563067097424e-26
49.775941133499146,4.6076265382775066e-26
49.80133295059204,4.181831469113479e-26
49.82626032829285,3.793771684610215e-26
49.851645946502686,3.442411804829612e-26
49.87696623802185,3.1222590775702774e-26
49.90216636657715,2.827792709090829e-26
49.926472902297974,2.5715503492548314e-26
49.95142865180969,2.3337457641856286e-26
49.97632336616516,2.116967711877268e-26
50.000938415527344,1.9223466361699067e-26
50.02609992027283,1.7441719236668438e-26
50.051358699798584,1.5809775564944113e-26
50.076178312301636,1.434688386076228e-26
50.10109806060791,1.3022694549687302e-26
50.12598538398743,1.1821299450378544e-26
50.151219844818115,1.0726935981799163e-26
50.17612290382385,9.73410291765601e-27
50.201160192489624,8.835172804997334e-27
50.22605895996094,8.014440070312647e-27
50.25171136856079,7.269452619596754e-27
50.27600049972534,6.599212821138463e-27
50.30199670791626,5.989647904834137e-27
50.32771611213684,5.4328188022670214e-27
50.35093712806702,4.9319753276252764e-27
50.379032373428345,4.44862199318049e-27
50.40320801734924,4.060838309994053e-27
50.4268581867218,3.682969699347311e-27
50.451600551605225,3.342877434187746e-27
50.476136207580566,3.03280483166434e-27
50.500977993011475,2.7530084256456847e-27
50.52641534805298,2.4972035215372554e-27
50.552032232284546,2.2658197943096452e-27
50.57663679122925,2.056134171614485e-27
50.60139083862305,1.8665130796729452e-27
50.62661266326904,1.693287814533963e-27
50.652100801467896,1.5360923532116074e-27
50.67616558074951,1.393463374134133e-27
50.70132112503052,1.2654278403207612e-27
50.726264238357544,1.1479309951630764e-27
50.75170087814331,1.0416166770414872e-27
50.7760443687439,9.452222462844533e-28
50.80144000053406,8.575365818464468e-28
50.826894998550415,7.782482608554604e-28
50.852046966552734,7.06112121454199e-28
50.87646698951721,6.407812073631813e-28
50.9013569355011,5.816466839787378e-28
50.92597699165344,5.276612305971109e-28
50.95199680328369,4.786760209818479e-28
50.97660827636719,-0.02773846685886383
51.002803325653076,-0.052904415875673294
51.02902579307556,-0.07586748898029327
51.05364441871643,-0.09672748297452927
51.08139944076538,-0.11776288598775864
51.102842569351196,-0.13256356120109558
51.126126289367676,-0.14804713428020477
51.15131878852844,-0.16211040318012238
51.17608666419983,-0.17485623061656952
51.20115089416504,-0.18642224371433258
51.226556062698364,-0.19719097018241882
51.25102758407593,-0.206508070230484
51.27848243713379,-0.2155606746673584
51.30107307434082,-0.22299525141716003
51.32622528076172,-0.23014578223228455
51.35105109214783,-0.23659883439540863
51.376128911972046,-0.24248892068862915
51.4019091129303,-0.24795906245708466
51.426472425460815,-0.2526944577693939
51.45139980316162,-0.25702884793281555
51.47608995437622,-0.26100894808769226
51.50111985206604,-0.2646045684814453
51.526336908340454,-0.2678970992565155
51.551546573638916,-0.27086883783340454
51.57743453979492,-0.273565411567688
51.60124754905701,-0.2760061025619507
51.62695598602295,-0.2782379388809204
51.652350187301636,-0.28025001287460327
51.68022966384888,-0.28207507729530334
51.706907510757446,-0.2837356626987457
51.7264506816864,-0.2852456867694855
51.75204515457153,-0.28661125898361206
51.77629065513611,-0.28784894943237305
51.80300712585449,-0.2889821529388428
51.82915639877319,-0.28999418020248413
51.854671239852905,-0.2909232974052429
51.88125729560852,-0.2917627990245819
51.90263605117798,-0.29252251982688904
51.92705059051514,-0.29321715235710144
51.95154070854187,-0.2938470244407654
51.97705674171448,-0.2944144904613495
52.00132155418396,-0.2949307858943939
52.0264835357666,-0.29540133476257324
52.051435470581055,-0.29582715034484863
52.077077865600586,-0.29621389508247375
52.10331702232361,-0.2965652048587799
52.12643623352051,-0.29688194394111633
52.151628255844116,-0.29717108607292175
52.176445722579956,-0.2974329888820648
52.20116376876831,-0.2976696789264679
52.226441621780396,-0.2978861927986145
52.25138473510742,-0.29808181524276733
52.28081727027893,-0.29828178882598877
52.30407476425171,-0.29842036962509155
52.32911252975464,-0.29856762290000916
52.3533992767334,-0.2987000048160553
52.376869440078735,-0.29882025718688965
52.403764963150024,-0.2989291250705719
52.42757177352905,-0.29902881383895874
52.454370975494385,-0.29911860823631287
52.47825622558594,-0.29920026659965515
52.50437617301941,-0.29927411675453186
52.52790832519531,-0.2993415594100952
52.55202102661133,-0.2994024455547333
52.57584238052368,-0.2994575798511505
52.600971698760986,-0.2995077669620514
52.626460552215576,-0.2995535433292389
52.653136253356934,-0.2995948791503906
52.677738428115845,-0.29963257908821106
52.70100021362305,-0.29966628551483154
52.726221323013306,-0.2996973395347595
52.751230239868164,-0.29972532391548157
52.77617001533508,-0.29975074529647827
52.80198001861572,-0.2997737526893616
52.82868456840515,-0.2997948229312897
52.852417945861816,-0.29981377720832825
52.87783765792847,-0.29983097314834595
52.90129828453064,-0.29984667897224426
52.92681312561035,-0.2998608946800232
52.95163345336914,-0.2998737692832947
52.976325273513794,-0.29988545179367065
53.00146746635437,-0.2998960316181183
53.02593445777893,-0.2999056577682495
53.05161905288696,-0.2999144196510315
53.076406955718994,-0.2999223470687866
53.10168170928955,-0.29992952942848206
53.126633405685425,-0.29993605613708496
53.151365518569946,-0.2999419867992401
53.17652368545532,-0.2999473512172699
53.20181679725647,-0.29995226860046387
53.228222608566284,-0.29995667934417725
53.25200390815735,-0.2999606728553772
53.277029514312744,-0.2999643385410309
53.30140709877014,-0.29996761679649353
53.32899045944214,-0.2999706268310547
53.353557109832764,-0.29997333884239197
53.37898802757263,-0.29997581243515015
53.401875257492065,-0.2999780476093292
53.42759943008423,-0.299980103969574
53.451624393463135,-0.2999819219112396
53.47824048995972,-0.2999836206436157
53.50335502624512,-0.2999851405620575
53.5281822681427,-0.29998651146888733
53.55362010002136,-0.2999877631664276
53.578697681427,-0.29998889565467834
53.604580879211426,-0.2999899089336395
53.62936496734619,-0.29999086260795593
53.65485501289368,-0.2999916970729828
53.677443504333496,-0.29999247193336487
53.70227813720703,-0.2999931573867798
53.72739243507385,-0.2999938130378723
53.7533004283905,-0.2999943792819977
53.77836489677429,-0.29999488592147827
53.802576541900635,-0.2999953627586365
53.83100247383118,-0.2999958097934723
53.852558612823486,-0.29999619722366333
53.87851643562317,-0.299996554851532
53.902071475982666,-0.29999685287475586
53.93028950691223,-0.29999715089797974
53.9533371925354,-0.2999974191188812
53.97782373428345,-0.2999976575374603
54.00222301483154,-0.29999786615371704
54.02777075767517,-0.29999807476997375
54.0514018535614,-0.2999982535839081
54.076154470443726,-0.2999984323978424
54.101898431777954,-0.29999855160713196
54.12680649757385,-0.2999987006187439
54.151368856430054,-0.29999881982803345
54.17721223831177,-0.299998939037323
54.20139837265015,-0.29999902844429016
54.22670006752014,-0.2999991178512573
54.25158071517944,-0.2999992072582245
54.276246547698975,-0.29999926686286926
54.30133008956909,-0.2999993562698364
54.32647180557251,-0.2999994158744812
54.35213804244995,-0.299999475479126
54.37680792808533,-0.29999950528144836
54.40146207809448,-0.29999956488609314
54.4264600276947,-0.2999995946884155
54.452035665512085,-0.2999996542930603
54.47605800628662,-0.2999996840953827
54.50142979621887,-0.2999997138977051
54.52720642089844,-0.29999974370002747
54.55157399177551,-0.29999977350234985
54.5762243270874,-0.29999977350234985
54.60174918174744,-0.29999980330467224
54.62653136253357,-0.29999983310699463
54.651148319244385,-0.29999983310699463
54.67607116699219,-0.299999862909317
54.70094919204712,-0.299999862909317
54.72687792778015,-0.2999998927116394
54.75891852378845,-0.2999998927116394
54.77650165557861,-0.2999998927116394
54.8027241230011,-0.2999999225139618
54.82789611816406,-0.2999999225139618
54.85597538948059,-0.2999999225139618
54.88016867637634,-0.2999999523162842
54.90230679512024,-0.2999999523162842
54.929449796676636,-0.2999999523162842
54.95294737815857,-0.2999999523162842
54.97608780860901,-0.2999999523162842
55.00098490715027,-0.29999998211860657
55.0267333984375,-0.29999998211860657
55.051406145095825,-0.29999998211860657
55.08117079734802,-0.29999998211860657
55.10119366645813,-0.29999998211860657
55.12636590003967,-0.29999998211860657
55.15119290351868,-0.29999998211860657
55.176023721694946,-0.29999998211860657
55.201021909713745,-0.29999998211860657
55.22671866416931,-0.29999998211860657
55.251527547836304,-0.29999998211860657
55.27609848976135,-0.29999998211860657
55.301026821136475,-0.30000001192092896
55.32726860046387,-0.30000001192092896
55.354026794433594,-0.30000001192092896
55.37631034851074,-0.27229073643684387
55.40115237236023,-0.24716052412986755
55.42620253562927,-0.22424395382404327
55.451722621917725,-0.20345517992973328
55.47637629508972,-0.1846083402633667
55.50231170654297,-0.16751837730407715
55.527331590652466,-0.15195009112358093
55.552223682403564,-0.13790951669216156
55.57621765136719,-0.12518909573554993
55.603561878204346,-0.11359595507383347
55.63178634643555,-0.10264058411121368
55.65328621864319,-0.0934949442744255
55.67724370956421,-0.08485681563615799
55.70306038856506,-0.07701025158166885
55.72848415374756,-0.06987202912569046
55.75471520423889,-0.06336754560470581
55.777752161026,-0.057500772178173065
55.802692890167236,-0.05221239849925041
55.82820248603821,-0.0473644845187664
55.85216975212097,-0.04297982156276703
55.87725067138672,-0.03897624835371971
55.901113510131836,-0.03540315851569176
55.926311016082764,-0.032115388661623
55.95287799835205,-0.02913966029882431
55.9763081073761,-0.026442036032676697
56.00269603729248,-0.024000022560358047
56.027374267578125,-0.021771986037492752
56.051345109939575,-0.019754420965909958
56.076245069503784,-0.017926281318068504
56.10158109664917,-0.016270779073238373
56.12657403945923,-0.014761212281882763
56.151490449905396,-0.013395032845437527
56.176177740097046,-0.012155027128756046
56.202505350112915,-0.01103040762245655
56.22924757003784,-0.010005718097090721
56.25158095359802,-0.009080222807824612
56.27667951583862,-0.008238838985562325
56.301804065704346,-0.007478039711713791
56.32675862312317,-0.006785540375858545
56.35270857810974,-0.0061566694639623165
56.37825608253479,-0.005584135185927153
56.40233612060547,-0.00507068308070302
56.42800164222717,-0.004595327191054821
56.45179772377014,-0.004172746557742357
56.47654986381531,-0.0037872674874961376
56.502286195755005,-0.00343753257766366
56.527766942977905,-0.0031144300010055304
56.55123233795166,-0.0028297959361225367
56.576075315475464,-0.00256783002987504
56.60109329223633,-0.0023307581432163715
56.62658190727234,-0.0021138323936611414
56.651347398757935,-0.0019177283393219113
56.67612099647522,-0.001740706036798656
56.70095181465149,-0.0015802975976839662
56.72727131843567,-0.0014330255798995495
56.75131177902222,-0.0013005862710997462
56.77694797515869,-0.0011793954763561487
56.801079511642456,-0.0010711015202105045
56.826366662979126,-0.0009717189241200686
56.85146141052246,-0.0008809278951957822
56.876182556152344,-0.0008002077229321003
56.90130639076233,-0.0007265476160682738
56.928016901016235,-0.0006584255024790764
56.95118236541748,-0.0005978354020044208
56.976433515548706,-0.0005424312548711896
57.00126266479492,-0.0004923951346427202
57.027170181274414,-0.0004466160316951573
57.05231761932373,-0.00040524458745494485
57.07646107673645,-0.00036778024514205754
57.10217905044556,-0.0003334317298140377
57.12670111656189,-0.00030280070495791733
57.15144729614258,-0.00027477499679662287
57.177098989486694,-0.00024934569955803454
57.20131850242615,-0.00022630540479440242
57.22692322731018,-0.0002052598138106987
57.25156879425049,-0.0001862808276200667
57.27615523338318,-0.00016905696247704327
57.30243492126465,-0.0001524922699900344
57.326257944107056,-0.00013919352204538882
57.351144552230835,-0.000126318380353041
57.377081871032715,-0.00011462381371529773
57.40168499946594,-0.00010400248720543459
57.42614006996155,-9.436599066248164e-05
57.45121383666992,-8.563192386645824e-05
57.47614026069641,-7.770460797473788e-05
57.50114703178406,-7.05295242369175e-05
57.52612805366516,-6.398923869710416e-05
57.55182123184204,-5.79849693167489e-05
57.576502561569214,-5.267333835945465e-05
57.60255169868469,-4.780807648785412e-05
57.6265594959259,-4.336511483415961e-05
57.651286602020264,-3.9355436456389725e-05
57.67625021934509,-3.572016430553049e-05
57.70164608955383,-3.241884405724704e-05
57.726799964904785,-2.939913611044176e-05
57.75180768966675,-2.667996523086913e-05
57.77634286880493,-2.4211089112213813e-05
57.80120658874512,-2.197852882090956e-05
57.82688236236572,-1.993695696000941e-05
57.851852893829346,-1.808534398151096e-05
57.87722849845886,-1.64086559379939e-05
57.90160894393921,-1.4900115274940617e-05
57.92633056640625,-1.3515085811377503e-05
57.95445537567139,-1.2264324141142424e-05
57.977829694747925,-1.1129566701129079e-05
58.00546741485596,-1.0097732229041867e-05
58.02706003189087,-9.163883987639565e-06
58.05132794380188,-8.314309525303543e-06
58.075971364974976,-7.545830158051103e-06
58.10204005241394,-6.848292741779005e-06
58.128355264663696,-6.203573320817668e-06
58.15129375457764,-5.6359413065365516e-06
58.176053047180176,-5.1159067879780196e-06
58.20210027694702,-4.642347448680084e-06
58.22608160972595,-4.212977273709839e-06
58.25162744522095,-3.821706286544213e-06
58.27733755111694,-3.4685313039517496e-06
58.301443576812744,-3.1465392567042727e-06
58.3268620967865,-2.8547663077915786e-06
58.351821422576904,-2.5909332634910243e-06
58.37682890892029,-2.3503810098191025e-06
58.40194129943848,-2.1335324618121376e-06
58.42661499977112,-1.93629148270702e-06
58.452089071273804,-1.7563144183441182e-06
58.476980686187744,-1.5934260773065034e-06
58.502031326293945,-1.4468041626969352e-06
58.527013540267944,-1.3122704558554688e-06
58.55348825454712,-1.1909397699128021e-06
58.582438945770264,-1.0710048172768438e-06
58.60690712928772,-9.799717872738256e-07
58.62840247154236,-8.896993790585839e-07
58.653141498565674,-8.0736185736896e-07
58.67674016952515,-7.32667672309617e-07
58.701712131500244,-6.64945389416971e-07
58.72855496406555,-6.027590302437602e-07
58.75850462913513,-5.399476776801748e-07
58.780062675476074,-4.965210678165022e-07
58.80176115036011,-4.5070277110426105e-07
58.826732873916626,-4.0890986952035746e-07
58.85225820541382,-3.7099644600857573e-07
58.88189172744751,-3.3668618470983347e-07
58.90486788749695,-3.0540360285158386e-07
58.92821002006531,-2.7719772788259434e-07
58.95233416557312,-2.5158129801639006e-07
58.979124546051025,-2.2821124900929135e-07
59.00275468826294,-2.0720587201594753e-07
59.029606342315674,-1.879123772141611e-07
59.0555145740509,-1.7050548706265545e-07
59.08445405960083,-1.516148842028997e-07
59.103344678878784,-1.404071667820972e-07
59.12927007675171,-1.2735559096199722e-07
59.15188264846802,-1.15549681822813e-07
59.17655539512634,-1.0463827493367717e-07
59.200976848602295,-9.519935417756642e-08
59.22619128227234,-8.635938542056465e-08
59.251110792160034,-7.836128190774616e-08
59.27645969390869,-7.110772060059389e-08
59.30126953125,-6.450350298337071e-08
59.32617139816284,-5.8557311888307595e-08
59.35115170478821,-5.312535833468246e-08
59.376012325286865,-4.820607557576295e-08
59.401179790496826,-4.3731180454642526e-08
59.4264657497406,-3.969365636180555e-08
59.45161199569702,-3.6023966032416865e-08
59.47656297683716,-3.268981174642249e-08
59.50144958496094,-2.9662038159017357e-08
59.52714967727661,-2.6900995209189205e-08
59.55126357078552,-2.441724866741879e-08
59.575942516326904,-2.2161117385621765e-08
59.60152316093445,-2.011187305583917e-08
59.626540184020996,-1.8245634336722105e-08
59.652761459350586,-1.6539708269647235e-08
59.67642402648926,-1.502211155468558e-08
59.70136380195618,-1.3634980255972096e-08
59.7279851436615,-1.2366213830716788e-08
59.75276970863342,-1.1225447238416564e-08
59.780115842819214,-1.0183170751076887e-08
59.80350708961487,-9.243052545571118e-09
59.83192229270935,-8.384199112754231e-09
59.85343837738037,-7.608710106410399e-09
59.876922845840454,-6.903601246222024e-09
59.90285038948059,-6.266976715352257e-09
59.92645525932312,-5.685919290954189e-09
59.95141887664795,-5.158991012166325e-09
59.976155519485474,-4.681445897602998e-09
60.00083637237549,-4.248997598210735e-09
60.02637243270874,-3.854811136960734e-09
60.05139374732971,-3.4976876950310043e-09
60.07682228088379,-3.1733016214730014e-09
60.10180425643921,-2.8798163853593906e-09
60.12823176383972,-2.6123894159013616e-09
60.15232443809509,-2.370691198905206e-09
60.17621660232544,-2.1516386450315395e-09
60.20180916786194,-1.952954686856856e-09
60.22857403755188,-1.7701710097739465e-09
60.253193616867065,-1.6072264630295763e-09
60.276833057403564,-1.4585518348653181e-09
60.30205225944519,-1.324086840170935e-09
60.32892346382141,-1.2009242489341432e-09
60.35366082191467,-1.0898438818074396e-09
60.37959003448486,-9.88972903570584e-10
60.40357303619385,-8.976070442479056e-10
60.42813467979431,-8.144244167951342e-10
60.454882860183716,-7.388392120333265e-10
60.47913861274719,-6.700874299880866e-10
60.50351119041443,-6.082116477124089e-10
60.53011608123779,-5.485107923419719e-10
60.55490040779114,-5.008611303480848e-10
60.57980799674988,-4.544871423650676e-10
60.60394239425659,-4.1255715510502e-10
60.630415201187134,-3.7418831921876006e-10
60.654313802719116,-3.3958305611925255e-10
60.67735409736633,-3.082882005234211e-10
60.70281505584717,-2.7968563576230565e-10
60.72694802284241,-2.5370477940711567e-10
60.752182960510254,-2.3020318984379173e-10
60.77651333808899,-2.0891979812809325e-10
60.80164170265198,-1.8962091619112442e-10
60.82648682594299,-1.7206329416818988e-10
60.85222029685974,-1.5610217285466632e-10
60.877498626708984,-1.4160486672132322e-10
60.90169596672058,-1.2855919107046532e-10
60.926920890808105,-1.1661727139511413e-10
60.952202796936035,-1.058235721274059e-10
60.97697997093201,-9.603230016752562e-11
61.00159525871277,-8.71251681910934e-11
61.029114723205566,-7.90458393185034e-11
61.05457663536072,-7.173380639491356e-11
61.07610893249512,-6.511725880731234e-11
61.102301359176636,-5.909635975021033e-11
61.12832546234131,-5.361812729920423e-11
61.15383815765381,-4.860056454503159e-11
61.176809787750244,-4.413660409374742e-11
61.20106863975525,-4.006985368509852e-11
61.22666954994202,-3.6345627896228194e-11
61.252124309539795,-3.297495956844365e-11
61.27645945549011,-2.9925922850893016e-11
61.301472663879395,-2.7165268298712242e-11
61.32648324966431,-2.463830355015073e-11
61.35132098197937,-2.2360946427824047e-11
61.37852931022644,-2.009757291143721e-11
61.40234422683716,-1.841498481480741e-11
61.42724299430847,-1.6708658762132345e-11
61.45126724243164,-1.5158357208333584e-11
61.477296352386475,-1.3750692424985278e-11
61.50134587287903,-1.2478416737404796e-11
61.52667498588562,-1.1325068487166856e-11
61.551820516586304,-1.0275987526175978e-11
61.579524993896484,-9.323749237954981e-12
61.601852893829346,-8.462372295958698e-12
61.62665343284607,-7.676835729608644e-12
61.651971101760864,-6.961055429993701e-12
61.67787051200867,-6.283794665162823e-12
61.701592683792114,-5.7375905242185166e-12
61.72630167007446,-5.206452890343938e-12
61.75102996826172,-4.723344979029598e-12
61.77644419670105,-4.285995603564574e-12
61.80222845077515,-3.889046636812443e-12
61.82693433761597,-3.528189459339748e-12
61.85185527801514,-3.2023648056239695e-12
61.87836241722107,-2.8791164331104513e-12
61.90163445472717,-2.6370407593678813e-12
61.92717242240906,-2.386998801742757e-12
61.951244831085205,-2.170868953349503e-12
61.9762237071991,-1.969550607675008e-12
62.00112986564636,-1.7879438164378203e-12
62.02602958679199,-1.62238234999168e-12
62.05138802528381,-1.4716562387120935e-12
62.07608699798584,-1.335599924927322e-12
62.10670590400696,-1.1857367301568167e-12
62.126758098602295,-1.0991268659110709e-12
62.15185475349426,-9.972925263390664e-13
62.17667245864868,-9.048762173585745e-13
62.20179319381714,-8.210389833285259e-13
62.22616505622864,-7.45198011371101e-13
62.25137495994568,-6.762213944182249e-13
62.27686524391174,-6.134119904729896e-13
62.30284261703491,-5.551273416642966e-13
62.327717781066895,-5.051477357069512e-13
62.35174870491028,-4.583680440414795e-13
62.37688064575195,-4.158380996314992e-13
62.40217590332031,-3.77362746085963e-13
62.42874503135681,-3.4241397694687037e-13
62.452173948287964,-3.1069496476444913e-13
62.48265862464905,-2.8035440722412597e-13
62.50196933746338,-2.558345245720628e-13
62.52687954902649,-2.321420237028776e-13
62.55220031738281,-2.1063626374790562e-13
62.57657718658447,-1.9114847508647226e-13
62.60143256187439,-1.7354356612788585e-13
62.626182079315186,-1.5746415673104086e-13
62.651474714279175,-1.4283986862241582e-13
62.68048810958862,-1.2930170714513245e-13
62.701879262924194,-1.1763626097532898e-13
62.72658109664917,-1.0672731009511369e-13
62.7521767616272,-9.682957425238489e-14
62.776063203811646,-8.790549261812955e-14
62.80131411552429,-7.976145378939606e-14
62.82657241821289,-7.23636238821393e-14
62.852259397506714,-6.565342209772715e-14
62.87666726112366,-5.956776142224812e-14
62.901846170425415,-5.406542862062061e-14
62.92726016044617,-4.9045260853888134e-14
62.95217037200928,-4.45041105476187e-14
62.97823095321655,-4.038160119333202e-14
63.002323150634766,-3.6651810194710324e-14
63.02736973762512,-3.324971591459058e-14
63.052655935287476,-3.0175836737136516e-14
63.079960346221924,-2.7379806389238488e-14
63.10437893867493,-2.485547371763354e-14
63.12914299964905,-2.2539805918518792e-14
63.154115438461304,-2.045680621155354e-14
63.17928194999695,-1.8560933023295707e-14
63.204551458358765,-1.6850455018401107e-14
63.230161905288696,-1.520631493986957e-14
63.25172185897827,-1.3870881948195492e-14
63.27680706977844,-1.2585440841068364e-14
63.30154299736023,-1.1423024493266345e-14
63.32849979400635,-1.0361244129927609e-14
63.35174584388733,-9.404632224352914e-15
63.377145290374756,-8.52370610074718e-15
63.40101170539856,-7.746086656487423e-15
63.42697072029114,-7.024301083011827e-15
63.45198154449463,-6.374525168514108e-15
63.47635006904602,-5.785227406450346e-15
63.5017671585083,-5.25090928244344e-15
63.527167081832886,-4.7623987002240464e-15
63.551842212677,-4.322304944786182e-15
63.577011585235596,-3.921562222495385e-15
63.602001428604126,-3.559592433365153e-15
63.628052711486816,-3.228640779005137e-15
63.65318417549133,-2.9308676169473085e-15
63.6799430847168,-2.6593592525179415e-15
63.70538640022278,-2.4043983119878976e-15
63.731592416763306,-2.1888568025154112e-15
63.75218987464905,-1.9863339776839866e-15
63.778825759887695,-1.801459296066842e-15
63.801923513412476,-1.635424109504291e-15
63.83173990249634,-1.460920181655973e-15
63.854071855545044,-1.3465037122946909e-15
63.876383781433105,-1.221923588720186e-15
63.90094804763794,-1.1092277609121327e-15
63.92622089385986,-1.0061724385932542e-15
63.95135998725891,-9.130379896690917e-16
63.976447343826294,-8.284417387323709e-16
64.00377011299133,-7.516634430801297e-16
64.02732253074646,-6.819475493234173e-16
64.05257225036621,-6.183815912198039e-16
64.07823586463928,-5.617126518287678e-16
64.10281610488892,-5.097692563109043e-16
64.12800121307373,-4.62460983899094e-16
64.15353894233704,-4.1963494514635734e-16
64.18076348304749,-3.807783410124708e-16
64.20291805267334,-3.4552419447303636e-16
64.22880053520203,-3.1353832456058265e-16
64.2528908252716,-2.842158703414313e-16
64.27876305580139,-2.5814019928822407e-16
64.30231165885925,-2.343783046095604e-16
64.32678174972534,-2.1257073993333897e-16
64.35246801376343,-1.9288132672551475e-16
64.37960028648376,-1.750336807823766e-16
64.4037299156189,-1.5883691528832688e-16
64.42806887626648,-1.4402825150636975e-16
64.45339798927307,-1.3065724086391958e-16
64.47858572006226,-1.1866897180319266e-16
64.50353240966797,-1.0769495190490885e-16
64.52858686447144,-9.768944138991643e-17
64.55335760116577,-8.86555835445431e-17
64.58020567893982,-8.038579573970745e-17
64.6030330657959,-7.298902097080517e-17
64.62747502326965,-6.622933409224633e-17
64.65219712257385,-6.008979444508585e-17
64.67710947990417,-5.4459874155874383e-17
64.70178604125977,-4.94933758789876e-17
64.72728323936462,-4.489792766383495e-17
64.75211501121521,-4.0739925643824845e-17
64.77742099761963,-3.697022867312673e-17
64.80216670036316,-3.356105340932618e-17
64.82604742050171,-3.0449696253269224e-17
64.85134053230286,-2.7627926757860955e-17
64.87588405609131,-2.507874636151341e-17
64.90110468864441,-2.275469474940075e-17
64.92622423171997,-2.0642548612250697e-17
64.9513156414032,-1.8732500896720826e-17
64.97612810134888,-1.699779396435627e-17
65.00248169898987,-1.5425002673815293e-17
65.02678608894348,-1.3997143352760958e-17
65.0515947341919,-1.2698644326161953e-17
65.076495885849,-1.1522224750266587e-17
65.1011221408844,-1.0459815478199405e-17
65.12641286849976,-9.48623961365613e-18
65.15120363235474,-8.609148577302878e-18
65.17693758010864,-7.796044097233665e-18
65.2009961605072,-7.090748547940326e-18
65.22652268409729,-6.431418598105946e-18
65.25133299827576,-5.836843241754361e-18
65.27619695663452,-5.292331337616323e-18
65.30138301849365,-4.801722658095303e-18
65.3260612487793,-4.361333354333296e-18
65.35132002830505,-3.957217574792965e-18
65.37649655342102,-3.590468852244104e-18
65.40164136886597,-3.2588951580634477e-18
65.4265239238739,-2.9567136725886384e-18
65.45118403434753,-2.682978101198915e-18
65.47610569000244,-2.4344208736795404e-18
65.50208806991577,-2.2073004453247836e-18
65.52709031105042,-2.004248284458329e-18
65.5531632900238,-1.8186630762016975e-18
65.57620143890381,-1.6504929149714511e-18
65.600919008255,-1.4980735133751332e-18
65.62792563438416,-1.3592912181525176e-18
65.65383791923523,-1.232992319144246e-18
65.67666101455688,-1.1189053977118244e-18
65.70108890533447,-1.0156220754648049e-18
65.72619223594666,-9.211361292250165e-19
65.75171089172363,-8.36111009542515e-19
65.77605032920837,-7.587113060356219e-19
65.80239748954773,-6.882777040573442e-19
65.82700252532959,-6.244626843528329e-19
65.85178327560425,-5.66790411274717e-19
65.87646293640137,-5.143720275560199e-19
65.90122413635254,-4.668615132067531e-19
65.92661213874817,-4.2355943532021464e-19
65.95124626159668,-3.842647890075542e-19
65.97669172286987,-3.487132642136669e-19
66.0016918182373,-3.164684197678545e-19
66.02686023712158,-2.871204910741735e-19
66.05114269256592,-2.6052102506206477e-19
66.07616806030273,-2.3639216659389295e-19
66.10125231742859,-2.1458675506880602e-19
66.12782955169678,-1.9465241316461697e-19
66.15301299095154,-1.7662901357179026e-19
66.17721700668335,-1.6026679944412317e-19
66.20214629173279,-1.4547829643183822e-19
66.22816562652588,-1.3197337093508242e-19
66.25243520736694,-1.1974752515927504e-19
66.27792191505432,-1.0866197370726614e-19
66.30272960662842,-9.861729980918451e-20
66.32763528823853,-8.935453777216424e-20
66.35148739814758,-8.117672650608384e-20
66.37915420532227,-7.357975112638052e-20
66.40335416793823,-6.686752295998508e-20
66.42816734313965,-6.064649144342983e-20
66.45418500900269,-5.50337737192249e-20
66.47727227210999,-4.9947491831424616e-20
66.50233817100525,-4.5333513917520774e-20
66.52712202072144,-4.1126253602225866e-20
66.5540828704834,-3.730969395469448e-20
66.57814908027649,-3.385650247179542e-20
66.60281562805176,-3.072735253151548e-20
66.62778687477112,-2.78783066261613e-20
66.66165947914124,-2.4485155207919097e-20
66.68148040771484,-2.2852357224289106e-20
66.70508050918579,-2.0816358775240666e-20
66.72778701782227,-1.88784070781739e-20
66.75157952308655,-1.7135023770816094e-20
66.77712917327881,-1.554505177093133e-20
66.80208921432495,-1.4111743255420133e-20
66.82727885246277,-1.2800954405794819e-20
66.8533787727356,-1.1614609386331853e-20
66.87722611427307,-1.0538744677433e-20
66.90173602104187,-9.567696030606833e-21
66.92710971832275,-8.676805547222317e-21
66.95268964767456,-7.876093098683852e-21
66.97905111312866,-7.139693942771385e-21
67.00320649147034,-6.483143969261211e-21
67.02862548828125,-5.880801790854537e-21
67.05418157577515,-5.338661639714887e-21
